Number,Mode,StartDate,EndDate,DurationInSeconds,DepthInMetersMax,DepthInMetersAvg,Buddy,Location,Site,Note,TemperatureInCelsiusMax,TemperatureInCelsiusMin,TemperatureInCelsiusAvg,Salinity,SurfaceIntervalInSeconds,SurfacePressureInMillibarPreDive,SurfacePressureInMillibarPostDive,DecoModel,GradientFactorLow,GradientFactorHigh,GradientFactor99Max,CNSPercentPreDive,CNSPercentPostDive,ComputerModel,ComputerSerialNumber,ComputerFirmwareVersion,BatteryType,BatteryVoltagePreDive,BatteryVoltagePostDive,SampleRateInMs,DataFormat,LogVersion,DatabaseVersion,O2SensorStatusPreDive,O2SensorStatusPostDive,SensorDisplay,PPO2SetpointLowPreDive,PPO2SetpointLowPostDive,PPO2SetpointHighPreDive,PPO2SetpointHighPostDive,Features
1,Air,2024-09-27 11:49:56,2024-09-27 11:56:15,384,2.70000004768372,2.06666707992554,Lacy,Semporna,BBB Fun Diver,OW,30,29,29.9743595123291,EN13319,69480,1022,1022,GF,40,85,1,0,0,Perdix 2,AA6F51C3,152,Lithium,1.60000002384186,1.60000002384186,10000,sw-pnf,14,12,False,False,0,0,0,1,1,33792
2,Air,2024-09-27 12:00:15,2024-09-27 12:22:34,1345,7.20000028610229,3.86328148841858,Lacy,Semporna,BBB Fun Diver,OW,30,29,29.1015625,EN13319,240,1022,1022,GF,40,85,1,0,0,Perdix 2,AA6F51C3,152,Lithium,1.60000002384186,1.60000002384186,10000,sw-pnf,14,12,False,False,0,0,0,1,1,33792
3,Air,2024-09-27 12:29:39,2024-09-27 12:37:42,488,2.90000009536743,2.27400040626526,Lacy,Semporna,BBB Fun Diver,OW,30,29,29.0799999237061,EN13319,480,1022,1022,GF,40,85,1,0,0,Perdix 2,AA6F51C3,152,Lithium,1.60000002384186,1.60000002384186,10000,sw-pnf,14,12,False,False,0,0,0,1,1,33792
4,Air,2024-09-27 13:44:01,2024-09-27 14:35:47,3111,18.7000007629395,9.09423065185547,Lacy,Semporna,BBB Fun Diver,OW,30,28,28.3108978271484,EN13319,4020,1029,1029,GF,40,85,36,0,2,Perdix 2,AA6F51C3,152,Lithium,1.60000002384186,1.60000002384186,10000,sw-pnf,14,12,False,False,0,0,0,1,1,33792
5,Air,2024-09-28 10:47:50,2024-09-28 11:05:26,1061,7,4.44380903244019,Lacy,Semporna,BBB Fun Diver,OW,29,28,28.2666664123535,EN13319,72720,1021,1021,GF,40,85,1,0,0,Perdix 2,AA6F51C3,152,Lithium,1.60000002384186,1.60000002384186,10000,sw-pnf,14,12,False,False,0,0,0,1,1,33792
6,Air,2024-09-28 12:28:54,2024-09-28 12:58:03,1754,9.60000038146973,4.70588254928589,Lacy,Semporna,BBB Fun Diver,OW,29,29,29,EN13319,5040,1031,1031,GF,40,85,6,0,0,Perdix 2,AA6F51C3,152,Lithium,1.70000004768372,1.60000002384186,10000,sw-pnf,14,12,False,False,0,0,0,1,1,33792
7,Air,2024-09-28 14:28:38,2024-09-28 15:10:46,2533,12.1999998092651,7.78621912002563,Lacy,Semporna,BBB Fun Diver,OW,29,28,28.5787410736084,EN13319,5460,1019,1019,GF,40,85,20,0,0,Perdix 2,AA6F51C3,152,Lithium,1.60000002384186,1.60000002384186,10000,sw-pnf,14,12,False,False,0,0,0,1,1,33792
8,Air,2024-09-29 10:19:59,2024-09-29 10:57:10,2236,23.6000003814697,11.4018297195435,Lacy,Semporna,BBB Fun Diver,OW,29,28,28.7534255981445,EN13319,68940,1020,1020,GF,40,85,29,0,2,Perdix 2,AA6F51C3,152,Lithium,1.70000004768372,1.60000002384186,10000,sw-pnf,14,12,False,False,0,0,0,1,1,33792
9,Air,2024-09-29 12:18:28,2024-09-29 12:26:16,473,11.1000003814697,7.3687481880188,Lacy,Semporna,BBB Fun Diver,OW,29,28,28.3541660308838,EN13319,4920,1020,1020,GF,40,85,6,1,1,Perdix 2,AA6F51C3,152,Lithium,1.5,1.5,10000,sw-pnf,14,12,False,False,0,0,0,1,1,33792
10,Air,2024-09-29 12:40:12,2024-09-29 13:04:25,1458,19.3000011444092,9.27346897125244,Lacy,Semporna,BBB Fun Diver,OW,29,28,28.088436126709,EN13319,840,1020,1020,GF,40,85,17,1,2,Perdix 2,AA6F51C3,152,Lithium,1.5,1.5,10000,sw-pnf,14,12,False,False,0,0,0,1,1,33792
11,Air,2024-09-29 14:24:08,2024-09-29 15:07:50,2627,19.5,9.32737827301025,Lacy,Semporna,BBB Fun Diver,OW,29,28,28.5893535614014,EN13319,4800,1023,1023,GF,40,85,24,1,2,Perdix 2,AA6F51C3,152,Lithium,1.5,1.5,10000,sw-pnf,14,12,False,False,0,0,0,1,1,33792
12,Air,2024-09-30 10:10:09,2024-09-30 10:48:40,2316,22.8999996185303,14.1890840530396,Lacy,Semporna,BBB Fun Diver,AOW,31,28,28.3187770843506,EN13319,68520,1022,1022,GF,40,85,51,0,3,Perdix 2,AA6F51C3,152,Lithium,1.60000002384186,1.5,10000,sw-pnf,14,12,False,False,0,0,0,1,1,33792
13,Air,2024-09-30 12:17:09,2024-09-30 12:47:33,1829,31.7000007629395,17.4568271636963,Lacy,Semporna,BBB Fun Diver,AOW,30,28,28.5409832000732,EN13319,5340,1025,1025,GF,40,85,54,2,5,Perdix 2,AA6F51C3,152,Lithium,1.5,1.5,10000,sw-pnf,14,12,False,False,0,0,0,1,1,33792
14,Air,2024-09-30 14:21:52,2024-09-30 15:01:14,2367,20.3000011444092,16.3582324981689,Lacy,Semporna,BBB Fun Diver,AOW,29,28,28.1645565032959,EN13319,5700,1017,1017,GF,40,85,63,2,7,Perdix 2,AA6F51C3,152,Lithium,1.60000002384186,1.5,10000,sw-pnf,14,12,False,False,0,0,0,1,1,33792
15,Air,2024-10-01 10:33:47,2024-10-01 11:05:18,1897,27.3000011444092,17.6941547393799,Lacy,Semporna,BBB Fun Diver,AOW,30,28,28.202127456665,EN13319,70320,1019,1019,GF,40,85,55,0,4,Perdix 2,AA6F51C3,152,Lithium,1.60000002384186,1.5,10000,sw-pnf,14,12,False,False,0,0,0,1,1,33792
16,Air,2024-10-01 12:24:07,2024-10-01 12:54:53,1852,25.3999996185303,12.4684791564941,Lacy,Semporna,BBB Fun Diver,AOW,29,28,28.3532600402832,EN13319,4740,1025,1025,GF,40,85,54,2,4,Perdix 2,AA6F51C3,152,Lithium,1.5,1.5,10000,sw-pnf,14,12,False,False,0,0,0,1,1,33792
17,Air,2024-10-01 14:04:45,2024-10-01 14:52:15,2855,14.9000005722046,9.05964374542236,Lacy,Semporna,BBB Fun Diver,AOW,30,29,29.021053314209,EN13319,4200,1017,1017,GF,40,85,32,3,3,Perdix 2,AA6F51C3,152,Lithium,1.60000002384186,1.5,10000,sw-pnf,14,12,False,False,0,0,0,1,1,33792
18,Air,2024-10-02 10:40:31,2024-10-02 11:24:22,2636,18,11.4358530044556,Lacy,Semporna,BBB Fun Diver,,30,29,29.0377349853516,EN13319,71280,1025,1025,GF,40,85,35,0,2,Perdix 2,AA6F51C3,152,Lithium,1.5,1.5,10000,sw-pnf,14,12,False,False,0,0,0,1,1,33792
19,Air,2024-10-02 13:00:26,2024-10-02 13:41:26,2465,25.1000003814697,16.2384624481201,Lacy,Semporna,BBB Fun Diver,,30,29,29.0121459960938,EN13319,5820,1025,1025,GF,40,85,62,1,5,Perdix 2,AA6F51C3,152,Lithium,1.5,1.5,10000,sw-pnf,14,12,False,False,0,0,0,1,1,33792
20,Air,2024-10-02 15:19:56,2024-10-02 15:55:14,2123,27.8000011444092,17.5037689208984,Lacy,Semporna,BBB Fun Diver,,30,29,29.0849056243896,EN13319,5940,1016,1016,GF,40,85,56,2,7,Perdix 2,AA6F51C3,152,Lithium,1.5,1.5,10000,sw-pnf,14,12,False,False,0,0,0,1,1,33792
21,Air,2024-10-03 10:39:51,2024-10-03 11:26:41,2815,29.5,12.4836874008179,Lacy,Semporna,BBB Fun Diver,,30,27,28.1950359344482,EN13319,67500,1028,1028,GF,40,85,54,0,2,Perdix 2,AA6F51C3,152,Lithium,1.5,1.5,10000,sw-pnf,14,12,False,False,0,0,0,1,1,33792
22,Air,2024-10-03 12:44:42,2024-10-03 13:20:03,2126,28.6000003814697,10.9204063415527,Lacy,Semporna,BBB Fun Diver,,30,28,28.7295913696289,EN13319,4680,1029,1029,GF,40,85,29,1,3,Perdix 2,AA6F51C3,152,Lithium,1.5,1.5,10000,sw-pnf,14,12,False,False,0,0,0,1,1,33792
23,Air,2024-10-03 14:20:27,2024-10-03 15:00:55,2433,29,15.3102884292603,Lacy,Semporna,BBB Fun Diver,,29,29,29,EN13319,3660,1029,1029,GF,40,85,55,2,5,Perdix 2,AA6F51C3,152,Lithium,1.5,1.5,10000,sw-pnf,14,12,False,False,0,0,0,1,1,33792
24,Air,2024-10-04 09:55:14,2024-10-04 10:31:01,2152,25.6000003814697,11.287036895752,Lacy,Semporna,Sipadan,,29,26,27.7916660308838,EN13319,68100,1027,1027,GF,40,85,29,0,1,Perdix 2,AA6F51C3,152,Lithium,1.5,1.39999997615814,10000,sw-pnf,14,12,False,False,0,0,0,1,1,33792
25,Air,2024-10-04 11:28:05,2024-10-04 12:14:24,2784,26.3999996185303,12.6541862487793,Lacy,Semporna,Sipadan,,29,28,28.1490917205811,EN13319,3480,1027,1027,GF,40,85,51,1,4,Perdix 2,AA6F51C3,152,Lithium,1.39999997615814,1.39999997615814,10000,sw-pnf,14,12,False,False,0,0,0,1,1,33792
26,Air,2024-10-04 14:02:11,2024-10-04 14:42:28,2422,19.6000003814697,10.2119846343994,Lacy,Semporna,Sipadan,,31,28,28.5867767333984,EN13319,6480,1021,1021,GF,40,85,24,2,3,Perdix 2,AA6F51C3,152,Lithium,1.39999997615814,1.39999997615814,10000,sw-pnf,14,12,False,False,0,0,0,1,1,33792
27,Gauge,2025-11-22 15:53:40,2025-11-22 15:53:49,14,3.29999995231628,2.09999990463257,,Beijing,HiDive,AIDA2,29,29,29,Fresh,60480,1031,1031,GF,30,70,0,0,0,Perdix 2,AA6F51C3,102,Lithium,1.5,1.5,10000,sw-pnf,17,12,False,False,0,0,0,1,1,33792
28,Gauge,2025-11-22 16:25:24,2025-11-22 16:25:35,16,3.29999995231628,2.15000009536743,,Beijing,HiDive,AIDA2,30,29,29.5,Fresh,1920,1039,1039,GF,30,70,0,0,0,Perdix 2,AA6F51C3,102,Lithium,1.5,1.5,10000,sw-pnf,17,12,False,False,0,0,0,1,1,33792
29,Gauge,2025-11-23 10:25:38,2025-11-23 10:26:34,61,4.59999990463257,1.9666668176651,,Beijing,HiDive,AIDA2,29,29,29,Fresh,64740,1026,1026,GF,30,70,0,0,0,Perdix 2,AA6F51C3,102,Lithium,1.5,1.5,10000,sw-pnf,17,12,False,False,0,0,0,1,1,33792
30,Gauge,2025-11-23 10:37:38,2025-11-23 10:37:54,21,2.90000009536743,2.59999990463257,,Beijing,HiDive,AIDA2,29,29,29,Fresh,720,1026,1026,GF,30,70,0,0,0,Perdix 2,AA6F51C3,102,Lithium,1.5,1.5,10000,sw-pnf,17,12,False,False,0,0,0,1,1,33792
31,Gauge,2025-11-23 10:39:17,2025-11-23 10:39:26,14,2.90000009536743,2.60000014305115,,Beijing,HiDive,AIDA2,29,29,29,Fresh,120,1026,1026,GF,30,70,0,0,0,Perdix 2,AA6F51C3,102,Lithium,1.5,1.5,10000,sw-pnf,17,12,False,False,0,0,0,1,1,33792
32,Gauge,2025-11-23 10:55:32,2025-11-23 10:55:55,28,3.40000009536743,2.90000033378601,,Beijing,HiDive,AIDA2,30,30,30,Fresh,1020,1026,1026,GF,30,70,0,0,0,Perdix 2,AA6F51C3,102,Lithium,1.5,1.5,10000,sw-pnf,17,12,False,False,0,0,0,1,1,33792
33,Gauge,2025-11-23 10:57:30,2025-11-23 10:57:44,19,2.40000009536743,1.90000009536743,,Beijing,HiDive,AIDA2,30,30,30,Fresh,120,1026,1026,GF,30,70,0,0,0,Perdix 2,AA6F51C3,102,Lithium,1.5,1.5,10000,sw-pnf,17,12,False,False,0,0,0,1,1,33792
34,Gauge,2025-11-23 11:02:07,2025-11-23 11:02:09,7,2.29999995231628,1.60000002384186,,Beijing,HiDive,AIDA2,29,29,29,Fresh,300,1026,1026,GF,30,70,0,0,0,Perdix 2,AA6F51C3,102,Lithium,1.5,1.5,10000,sw-pnf,17,12,False,False,0,0,0,1,1,33792
35,Gauge,2025-11-23 11:04:27,2025-11-23 11:08:40,258,3.79999995231628,1.92000007629395,,Beijing,HiDive,AIDA2,29,29,29,Fresh,180,1026,1026,GF,30,70,0,0,0,Perdix 2,AA6F51C3,102,Lithium,1.5,1.5,10000,sw-pnf,17,12,False,False,0,0,0,1,1,33792
36,Gauge,2025-11-23 11:10:56,2025-11-23 11:11:01,10,2.20000004768372,1.65000009536743,,Beijing,HiDive,AIDA2,30,30,30,Fresh,180,1026,1026,GF,30,70,0,0,0,Perdix 2,AA6F51C3,102,Lithium,1.5,1.5,10000,sw-pnf,17,12,False,False,0,0,0,1,1,33792
37,Gauge,2025-11-23 11:18:10,2025-11-23 11:18:45,40,3.40000009536743,2.37999987602234,,Beijing,HiDive,AIDA2,30,30,30,Fresh,480,1026,1026,GF,30,70,0,0,0,Perdix 2,AA6F51C3,102,Lithium,1.5,1.5,10000,sw-pnf,17,12,False,False,0,0,0,1,1,33792
38,Gauge,2025-11-23 11:20:35,2025-11-23 11:21:23,53,3.10000014305115,2,,Beijing,HiDive,AIDA2,29,29,29,Fresh,120,1026,1026,GF,30,70,0,0,0,Perdix 2,AA6F51C3,102,Lithium,1.5,1.5,10000,sw-pnf,17,12,False,False,0,0,0,1,1,33792
39,Gauge,2025-11-23 11:22:59,2025-11-23 11:24:02,68,3.90000009536743,2,,Beijing,HiDive,AIDA2,29,29,29,Fresh,120,1026,1026,GF,30,70,0,0,0,Perdix 2,AA6F51C3,102,Lithium,1.5,1.5,10000,sw-pnf,17,12,False,False,0,0,0,1,1,33792
40,Gauge,2025-11-23 11:33:24,2025-11-23 11:34:48,89,3.90000009536743,2.66000008583069,,Beijing,HiDive,AIDA2,29,29,29,Fresh,600,1026,1026,GF,30,70,0,0,0,Perdix 2,AA6F51C3,102,Lithium,1.5,1.5,10000,sw-pnf,17,12,False,False,0,0,0,1,1,33792
41,Gauge,2025-11-23 11:37:28,2025-11-23 11:38:30,67,2.5,1.76666676998138,,Beijing,HiDive,AIDA2,29,29,29,Fresh,180,1026,1026,GF,30,70,0,0,0,Perdix 2,AA6F51C3,102,Lithium,1.5,1.60000002384186,10000,sw-pnf,17,12,False,False,0,0,0,1,1,33792
42,Gauge,2025-11-23 11:39:45,2025-11-23 11:39:59,19,3.60000014305115,2.30000019073486,,Beijing,HiDive,AIDA2,29,29,29,Fresh,120,1026,1026,GF,30,70,0,0,0,Perdix 2,AA6F51C3,102,Lithium,1.60000002384186,1.5,10000,sw-pnf,17,12,False,False,0,0,0,1,1,33792
43,Gauge,2025-11-23 12:09:00,2025-11-23 12:09:14,19,3,1.76666676998138,,Beijing,HiDive,AIDA2,30,30,30,Fresh,1800,1026,1026,GF,30,70,0,0,0,Perdix 2,AA6F51C3,102,Lithium,1.60000002384186,1.60000002384186,10000,sw-pnf,17,12,False,False,0,0,0,1,1,33792
44,Gauge,2025-11-23 12:11:02,2025-11-23 12:11:07,10,3.40000009536743,3.29999995231628,,Beijing,HiDive,AIDA2,29,29,29,Fresh,120,1026,1026,GF,30,70,0,0,0,Perdix 2,AA6F51C3,102,Lithium,1.60000002384186,1.60000002384186,10000,sw-pnf,17,12,False,False,0,0,0,1,1,33792
45,Gauge,2025-11-23 12:19:45,2025-11-23 12:21:00,81,4.40000009536743,3.09999990463257,,Beijing,HiDive,AIDA2,30,29,29.25,Fresh,540,1026,1026,GF,30,70,0,0,0,Perdix 2,AA6F51C3,102,Lithium,1.60000002384186,1.60000002384186,10000,sw-pnf,17,12,False,False,0,0,0,1,1,33792
46,Gauge,2025-11-23 12:27:35,2025-11-23 12:28:47,77,3,1.93999993801117,,Beijing,HiDive,AIDA2,30,29,29.6000003814697,Fresh,420,1026,1026,GF,30,70,0,0,0,Perdix 2,AA6F51C3,102,Lithium,1.60000002384186,1.60000002384186,10000,sw-pnf,17,12,False,False,0,0,0,1,1,33792
47,Gauge,2025-11-23 12:32:07,2025-11-23 12:32:21,19,2.29999995231628,1.89999997615814,,Beijing,HiDive,AIDA2,30,30,30,Fresh,240,1026,1026,GF,30,70,0,0,0,Perdix 2,AA6F51C3,102,Lithium,1.60000002384186,1.60000002384186,10000,sw-pnf,17,12,False,False,0,0,0,1,1,33792
48,Gauge,2025-11-23 12:34:09,2025-11-23 12:34:20,16,2.29999995231628,1.5,,Beijing,HiDive,AIDA2,30,30,30,Fresh,120,1026,1026,GF,30,70,0,0,0,Perdix 2,AA6F51C3,102,Lithium,1.60000002384186,1.60000002384186,10000,sw-pnf,17,12,False,False,0,0,0,1,1,33792
49,Gauge,2025-11-23 12:35:45,2025-11-23 12:36:12,32,2.10000014305115,2.03333353996277,,Beijing,HiDive,AIDA2,30,30,30,Fresh,120,1026,1026,GF,30,70,0,0,0,Perdix 2,AA6F51C3,102,Lithium,1.60000002384186,1.60000002384186,10000,sw-pnf,17,12,False,False,0,0,0,1,1,33792
50,Gauge,2025-11-23 12:39:04,2025-11-23 12:47:04,485,3.20000004768372,1.85555553436279,,Beijing,HiDive,AIDA2,30,30,30,Fresh,180,1026,1026,GF,30,70,0,0,0,Perdix 2,AA6F51C3,102,Lithium,1.60000002384186,1.60000002384186,10000,sw-pnf,17,12,False,False,0,0,0,1,1,33792
51,Gauge,2025-11-23 13:00:01,2025-11-23 13:02:37,161,4.5,2.78750038146973,,Beijing,HiDive,AIDA2,30,29,29.75,Fresh,780,1026,1026,GF,30,70,0,0,0,Perdix 2,AA6F51C3,102,Lithium,1.60000002384186,1.60000002384186,10000,sw-pnf,17,12,False,False,0,0,0,1,1,33792
52,Gauge,2025-11-23 14:45:51,2025-11-23 14:46:03,17,3.90000009536743,2.15000009536743,,Beijing,HiDive,AIDA2,29,29,29,Fresh,6240,1023,1023,GF,30,70,0,0,0,Perdix 2,AA6F51C3,102,Lithium,1.5,1.5,10000,sw-pnf,17,12,False,False,0,0,0,1,1,33792
53,Gauge,2025-11-23 14:51:17,2025-11-23 14:51:35,23,4.09999990463257,3.75,,Beijing,HiDive,AIDA2,30,30,30,Fresh,360,1023,1023,GF,30,70,0,0,0,Perdix 2,AA6F51C3,102,Lithium,1.5,1.5,10000,sw-pnf,17,12,False,False,0,0,0,1,1,33792
54,Gauge,2025-11-23 14:58:01,2025-11-23 14:59:21,85,2.60000014305115,2.55000019073486,,Beijing,HiDive,AIDA2,30,29,29.5,Fresh,420,1023,1023,GF,30,70,0,0,0,Perdix 2,AA6F51C3,102,Lithium,1.5,1.5,10000,sw-pnf,17,12,False,False,0,0,0,1,1,33792
55,Gauge,2025-11-23 15:01:48,2025-11-23 15:01:54,11,2.90000009536743,1.95000004768372,,Beijing,HiDive,AIDA2,29,29,29,Fresh,180,1023,1023,GF,30,70,0,0,0,Perdix 2,AA6F51C3,102,Lithium,1.5,1.5,10000,sw-pnf,17,12,False,False,0,0,0,1,1,33792
56,Gauge,2025-11-23 15:08:59,2025-11-23 15:09:28,34,7.5,4.02500009536743,,Beijing,HiDive,AIDA2,30,30,30,Fresh,480,1023,1023,GF,30,70,0,0,0,Perdix 2,AA6F51C3,102,Lithium,1.5,1.5,10000,sw-pnf,17,12,False,False,0,0,0,1,1,33792
57,Gauge,2025-11-23 15:11:01,2025-11-23 15:15:58,302,5.59999990463257,3.11428594589233,,Beijing,HiDive,AIDA2,29,29,29,Fresh,120,1023,1023,GF,30,70,0,0,0,Perdix 2,AA6F51C3,102,Lithium,1.5,1.5,10000,sw-pnf,17,12,False,False,0,0,0,1,1,33792
58,Gauge,2025-11-23 15:17:44,2025-11-23 15:18:18,39,6.80000019073486,4.59999990463257,,Beijing,HiDive,AIDA2,29,29,29,Fresh,120,1023,1023,GF,30,70,0,0,0,Perdix 2,AA6F51C3,102,Lithium,1.5,1.5,10000,sw-pnf,17,12,False,False,0,0,0,1,1,33792
59,Gauge,2025-11-23 15:20:20,2025-11-23 15:20:47,33,4.70000028610229,3.53333353996277,,Beijing,HiDive,AIDA2,30,30,30,Fresh,180,1023,1023,GF,30,70,0,0,0,Perdix 2,AA6F51C3,102,Lithium,1.5,1.5,10000,sw-pnf,17,12,False,False,0,0,0,1,1,33792
60,Gauge,2025-11-23 15:24:51,2025-11-23 15:27:38,172,4.70000028610229,2.78749990463257,,Beijing,HiDive,AIDA2,30,29,29.125,Fresh,300,1023,1023,GF,30,70,0,0,0,Perdix 2,AA6F51C3,102,Lithium,1.5,1.5,10000,sw-pnf,17,12,False,False,0,0,0,1,1,33792
61,Gauge,2025-11-23 15:29:56,2025-11-23 15:30:18,27,3.29999995231628,2.40000009536743,,Beijing,HiDive,AIDA2,30,30,30,Fresh,180,1023,1023,GF,30,70,0,0,0,Perdix 2,AA6F51C3,102,Lithium,1.5,1.5,10000,sw-pnf,17,12,False,False,0,0,0,1,1,33792
62,Gauge,2025-11-23 15:41:47,2025-11-23 15:41:55,14,4.20000028610229,4.20000028610229,,Beijing,HiDive,AIDA2,30,30,30,Fresh,720,1023,1023,GF,30,70,0,0,0,Perdix 2,AA6F51C3,102,Lithium,1.5,1.5,10000,sw-pnf,17,12,False,False,0,0,0,1,1,33792
63,Gauge,2025-11-23 15:44:46,2025-11-23 15:46:18,97,4.5,2.91428565979004,,Beijing,HiDive,AIDA2,30,30,30,Fresh,180,1023,1023,GF,30,70,0,0,0,Perdix 2,AA6F51C3,102,Lithium,1.5,1.5,10000,sw-pnf,17,12,False,False,0,0,0,1,1,33792
64,Gauge,2025-11-23 15:48:52,2025-11-23 15:49:17,30,4.40000009536743,2.96666646003723,,Beijing,HiDive,AIDA2,30,30,30,Fresh,180,1023,1023,GF,30,70,0,0,0,Perdix 2,AA6F51C3,102,Lithium,1.5,1.5,10000,sw-pnf,17,12,False,False,0,0,0,1,1,33792
65,Gauge,2025-11-23 15:51:08,2025-11-23 15:52:59,116,4.59999990463257,2.40000009536743,,Beijing,HiDive,AIDA2,30,30,30,Fresh,120,1023,1023,GF,30,70,0,0,0,Perdix 2,AA6F51C3,102,Lithium,1.5,1.5,10000,sw-pnf,17,12,False,False,0,0,0,1,1,33792
66,Gauge,2025-11-23 16:08:23,2025-11-23 16:12:30,252,4,2.57272720336914,,Beijing,HiDive,AIDA2,30,30,30,Fresh,960,1023,1023,GF,30,70,0,0,0,Perdix 2,AA6F51C3,102,Lithium,1.5,1.5,10000,sw-pnf,17,12,False,False,0,0,0,1,1,33792
67,Gauge,2025-11-23 16:14:13,2025-11-23 16:14:57,49,6.90000009536743,3.8800003528595,,Beijing,HiDive,AIDA2,30,30,30,Fresh,120,1023,1023,GF,30,70,0,0,0,Perdix 2,AA6F51C3,102,Lithium,1.5,1.5,10000,sw-pnf,17,12,False,False,0,0,0,1,1,33792
68,Gauge,2025-11-23 16:16:49,2025-11-23 16:17:00,16,3.29999995231628,3.20000004768372,,Beijing,HiDive,AIDA2,30,30,30,Fresh,120,1033,1033,GF,30,70,0,0,0,Perdix 2,AA6F51C3,102,Lithium,1.5,1.5,10000,sw-pnf,17,12,False,False,0,0,0,1,1,33792
69,Gauge,2025-11-23 16:18:44,2025-11-23 16:19:09,30,4.59999990463257,3.70000004768372,,Beijing,HiDive,AIDA2,30,30,30,Fresh,120,1033,1033,GF,30,70,0,0,0,Perdix 2,AA6F51C3,102,Lithium,1.5,1.5,10000,sw-pnf,17,12,False,False,0,0,0,1,1,33792
70,Gauge,2025-11-23 16:20:45,2025-11-23 16:21:05,25,5.20000028610229,2.73333334922791,,Beijing,HiDive,AIDA2,30,29,29.6666660308838,Fresh,120,1033,1033,GF,30,70,0,0,0,Perdix 2,AA6F51C3,102,Lithium,1.5,1.5,10000,sw-pnf,17,12,False,False,0,0,0,1,1,33792
71,Gauge,2025-11-23 16:22:41,2025-11-23 16:23:15,39,4.59999990463257,3.04999995231628,,Beijing,HiDive,AIDA2,30,30,30,Fresh,120,1035,1035,GF,30,70,0,0,0,Perdix 2,AA6F51C3,102,Lithium,1.5,1.5,10000,sw-pnf,17,12,False,False,0,0,0,1,1,33792
72,Gauge,2025-11-23 16:24:54,2025-11-23 16:25:27,38,5.40000009536743,3.62500023841858,,Beijing,HiDive,AIDA2,30,30,30,Fresh,120,1035,1035,GF,30,70,0,0,0,Perdix 2,AA6F51C3,102,Lithium,1.5,1.5,10000,sw-pnf,17,12,False,False,0,0,0,1,1,33792
73,Gauge,2025-11-23 16:39:08,2025-11-23 16:39:40,37,4.09999990463257,3.29999995231628,,Beijing,HiDive,AIDA2,30,29,29.5,Fresh,840,1035,1035,GF,30,70,0,0,0,Perdix 2,AA6F51C3,102,Lithium,1.5,1.5,10000,sw-pnf,17,12,False,False,0,0,0,1,1,33792
74,Gauge,2025-11-23 16:52:46,2025-11-23 16:53:27,46,6.30000019073486,3.90000033378601,,Beijing,HiDive,AIDA2,30,30,30,Fresh,840,1035,1035,GF,30,70,0,0,0,Perdix 2,AA6F51C3,102,Lithium,1.5,1.5,10000,sw-pnf,17,12,False,False,0,0,0,1,1,33792
75,Gauge,2025-11-27 16:05:56,2025-11-27 16:06:01,11,2.79999995231628,2.70000004768372,,Beijing,HiDive,AIDA2-RESIT,27,27,27,Fresh,342720,1028,1028,GF,30,70,0,0,0,Perdix 2,AA6F51C3,102,Lithium,1.5,1.5,10000,sw-pnf,17,12,False,False,0,0,0,1,1,33792
76,Gauge,2025-11-27 16:07:25,2025-11-27 16:07:32,12,2.79999995231628,1.95000004768372,,Beijing,HiDive,AIDA2-RESIT,28,28,28,Fresh,120,1028,1028,GF,30,70,0,0,0,Perdix 2,AA6F51C3,102,Lithium,1.5,1.5,10000,sw-pnf,17,12,False,False,0,0,0,1,1,33792
77,Gauge,2025-11-27 16:09:11,2025-11-27 16:09:22,16,4.80000019073486,2,,Beijing,HiDive,AIDA2-RESIT,29,29,29,Fresh,120,1028,1028,GF,30,70,0,0,0,Perdix 2,AA6F51C3,102,Lithium,1.5,1.5,10000,sw-pnf,17,12,False,False,0,0,0,1,1,33792
78,Gauge,2025-11-27 16:09:51,2025-11-27 16:10:03,18,3.70000004768372,2.45000004768372,,Beijing,HiDive,AIDA2-RESIT,29,29,29,Fresh,60,1028,1028,GF,30,70,0,0,0,Perdix 2,AA6F51C3,102,Lithium,1.5,1.5,10000,sw-pnf,17,12,False,False,0,0,0,1,1,33792
79,Gauge,2025-11-27 16:12:36,2025-11-27 16:13:13,43,8.30000019073486,5.125,,Beijing,HiDive,AIDA2-RESIT,29,29,29,Fresh,180,1028,1028,GF,30,70,0,0,0,Perdix 2,AA6F51C3,102,Lithium,1.5,1.5,10000,sw-pnf,17,12,False,False,0,0,0,1,1,33792
80,Gauge,2025-11-27 16:14:53,2025-11-27 16:15:12,24,3.79999995231628,2.80000019073486,,Beijing,HiDive,AIDA2-RESIT,29,29,29,Fresh,120,1028,1028,GF,30,70,0,0,0,Perdix 2,AA6F51C3,102,Lithium,1.5,1.5,10000,sw-pnf,17,12,False,False,0,0,0,1,1,33792
81,Gauge,2025-11-27 16:16:41,2025-11-27 16:17:07,31,4.59999990463257,2.70000004768372,,Beijing,HiDive,AIDA2-RESIT,29,29,29,Fresh,120,1028,1028,GF,30,70,0,0,0,Perdix 2,AA6F51C3,102,Lithium,1.5,1.5,10000,sw-pnf,17,12,False,False,0,0,0,1,1,33792
82,Gauge,2025-11-27 16:17:58,2025-11-27 16:18:29,36,5,2.95000004768372,,Beijing,HiDive,AIDA2-RESIT,29,29,29,Fresh,60,1028,1028,GF,30,70,0,0,0,Perdix 2,AA6F51C3,102,Lithium,1.5,1.5,10000,sw-pnf,17,12,False,False,0,0,0,1,1,33792
83,Gauge,2025-11-27 16:25:47,2025-11-27 16:26:18,36,4.70000028610229,2.97500038146973,,Beijing,HiDive,AIDA2-RESIT,29,29,29,Fresh,480,1028,1028,GF,30,70,0,0,0,Perdix 2,AA6F51C3,102,Lithium,1.5,1.5,10000,sw-pnf,17,12,False,False,0,0,0,1,1,33792
84,Gauge,2025-11-27 16:28:24,2025-11-27 16:29:07,48,5.80000019073486,3.82000041007996,,Beijing,HiDive,AIDA2-RESIT,29,29,29,Fresh,180,1028,1028,GF,30,70,0,0,0,Perdix 2,AA6F51C3,102,Lithium,1.5,1.5,10000,sw-pnf,17,12,False,False,0,0,0,1,1,33792
85,Gauge,2025-11-27 16:30:32,2025-11-27 16:31:02,35,4.70000028610229,3.26666665077209,,Beijing,HiDive,AIDA2-RESIT,29,29,29,Fresh,120,1028,1028,GF,30,70,0,0,0,Perdix 2,AA6F51C3,102,Lithium,1.5,1.5,10000,sw-pnf,17,12,False,False,0,0,0,1,1,33792
86,Gauge,2025-11-27 16:32:15,2025-11-27 16:32:48,39,3.60000014305115,2.48000001907349,,Beijing,HiDive,AIDA2-RESIT,29,29,29,Fresh,120,1028,1028,GF,30,70,0,0,0,Perdix 2,AA6F51C3,102,Lithium,1.5,1.5,10000,sw-pnf,17,12,False,False,0,0,0,1,1,33792
87,Gauge,2025-11-27 16:34:11,2025-11-27 16:34:38,32,3.79999995231628,3.16666674613953,,Beijing,HiDive,AIDA2-RESIT,29,29,29,Fresh,120,1028,1028,GF,30,70,0,0,0,Perdix 2,AA6F51C3,102,Lithium,1.5,1.5,10000,sw-pnf,17,12,False,False,0,0,0,1,1,33792
88,Gauge,2025-11-27 16:35:54,2025-11-27 16:36:41,52,4,2.73333334922791,,Beijing,HiDive,AIDA2-RESIT,29,29,29,Fresh,120,1028,1028,GF,30,70,0,0,0,Perdix 2,AA6F51C3,102,Lithium,1.5,1.5,10000,sw-pnf,17,12,False,False,0,0,0,1,1,33792
89,Gauge,2025-11-27 16:40:45,2025-11-27 16:41:39,60,3.70000004768372,2.28333353996277,,Beijing,HiDive,AIDA2-RESIT,29,29,29,Fresh,300,1028,1028,GF,30,70,0,0,0,Perdix 2,AA6F51C3,102,Lithium,1.5,1.5,10000,sw-pnf,17,12,False,False,0,0,0,1,1,33792
90,Gauge,2025-11-27 16:42:57,2025-11-27 16:43:59,67,5.20000028610229,3.14285731315613,,Beijing,HiDive,AIDA2-RESIT,29,29,29,Fresh,120,1028,1028,GF,30,70,0,0,0,Perdix 2,AA6F51C3,102,Lithium,1.5,1.5,10000,sw-pnf,17,12,False,False,0,0,0,1,1,33792
91,Gauge,2025-11-27 16:44:38,2025-11-27 16:45:11,38,3.20000004768372,2.27500009536743,,Beijing,HiDive,AIDA2-RESIT,29,29,29,Fresh,60,1028,1028,GF,30,70,0,0,0,Perdix 2,AA6F51C3,102,Lithium,1.5,1.5,10000,sw-pnf,17,12,False,False,0,0,0,1,1,33792
92,Gauge,2025-11-27 16:46:13,2025-11-27 16:46:40,27,6.09999990463257,3.875,,Beijing,HiDive,AIDA2-RESIT,29,29,29,Fresh,120,1028,1028,GF,30,70,0,0,0,Perdix 2,AA6F51C3,102,Lithium,1.5,1.5,10000,sw-pnf,17,12,False,False,0,0,0,1,1,33792
93,Gauge,2025-11-27 16:47:38,2025-11-27 16:48:09,36,3.90000009536743,2.73333334922791,,Beijing,HiDive,AIDA2-RESIT,29,29,29,Fresh,60,1028,1028,GF,30,70,0,0,0,Perdix 2,AA6F51C3,102,Lithium,1.5,1.5,10000,sw-pnf,17,12,False,False,0,0,0,1,1,33792
94,Gauge,2025-11-27 16:50:43,2025-11-27 16:51:33,55,11.1000003814697,5.38333368301392,,Beijing,HiDive,AIDA2-RESIT,29,29,29,Fresh,180,1028,1028,GF,30,70,0,0,0,Perdix 2,AA6F51C3,102,Lithium,1.5,1.5,10000,sw-pnf,17,12,False,False,0,0,0,1,1,33792
95,Gauge,2025-11-27 16:55:03,2025-11-27 16:56:02,64,11.6999998092651,6.23333358764648,,Beijing,HiDive,AIDA2-RESIT,29,29,29,Fresh,240,1028,1028,GF,30,70,0,0,0,Perdix 2,AA6F51C3,102,Lithium,1.5,1.5,10000,sw-pnf,17,12,False,False,0,0,0,1,1,33792
96,Gauge,2025-11-27 16:59:30,2025-11-27 17:00:07,42,6.09999990463257,3.92500019073486,,Beijing,HiDive,AIDA2-RESIT,29,29,29,Fresh,240,1028,1028,GF,30,70,0,0,0,Perdix 2,AA6F51C3,102,Lithium,1.5,1.5,10000,sw-pnf,17,12,False,False,0,0,0,1,1,33792
97,Gauge,2025-11-27 17:04:54,2025-11-27 17:05:55,66,9.69999980926514,5.53333330154419,,Beijing,HiDive,AIDA2-RESIT,29,29,29,Fresh,300,1028,1028,GF,30,70,0,0,0,Perdix 2,AA6F51C3,102,Lithium,1.5,1.5,10000,sw-pnf,17,12,False,False,0,0,0,1,1,33792
98,Gauge,2025-11-27 17:08:05,2025-11-27 17:08:18,18,6.70000028610229,3.34999990463257,,Beijing,HiDive,AIDA2-RESIT,29,29,29,Fresh,180,1028,1028,GF,30,70,0,0,0,Perdix 2,AA6F51C3,102,Lithium,1.5,1.5,10000,sw-pnf,17,12,False,False,0,0,0,1,1,33792
99,Gauge,2025-11-27 17:09:53,2025-11-27 17:10:08,20,6.09999990463257,4.15000009536743,,Beijing,HiDive,AIDA2-RESIT,29,29,29,Fresh,120,1028,1028,GF,30,70,0,0,0,Perdix 2,AA6F51C3,102,Lithium,1.5,1.5,10000,sw-pnf,17,12,False,False,0,0,0,1,1,33792
100,Gauge,2025-11-27 17:11:23,2025-11-27 17:11:30,12,4.09999990463257,4.09999990463257,,Beijing,HiDive,AIDA2-RESIT,29,29,29,Fresh,120,1028,1028,GF,30,70,0,0,0,Perdix 2,AA6F51C3,102,Lithium,1.5,1.5,10000,sw-pnf,17,12,False,False,0,0,0,1,1,33792
101,Gauge,2025-11-27 17:12:43,2025-11-27 17:13:01,23,8.40000057220459,6.10000038146973,,Beijing,HiDive,AIDA2-RESIT,29,29,29,Fresh,120,1028,1028,GF,30,70,0,0,0,Perdix 2,AA6F51C3,102,Lithium,1.5,1.5,10000,sw-pnf,17,12,False,False,0,0,0,1,1,33792
102,Gauge,2025-11-27 17:14:43,2025-11-27 17:14:56,18,5.90000009536743,3.65000009536743,,Beijing,HiDive,AIDA2-RESIT,29,29,29,Fresh,120,1028,1028,GF,30,70,0,0,0,Perdix 2,AA6F51C3,102,Lithium,1.5,1.5,10000,sw-pnf,17,12,False,False,0,0,0,1,1,33792
103,Gauge,2025-11-27 17:16:39,2025-11-27 17:17:07,33,11.8000001907349,7.40000009536743,,Beijing,HiDive,AIDA2-RESIT,29,29,29,Fresh,120,1028,1028,GF,30,70,0,0,0,Perdix 2,AA6F51C3,102,Lithium,1.5,1.5,10000,sw-pnf,17,12,False,False,0,0,0,1,1,33792
104,Gauge,2025-11-27 17:25:09,2025-11-27 17:25:43,39,11.9000005722046,5.88000011444092,,Beijing,HiDive,AIDA2-RESIT,29,29,29,Fresh,540,1028,1028,GF,30,70,0,0,0,Perdix 2,AA6F51C3,102,Lithium,1.5,1.5,10000,sw-pnf,17,12,False,False,0,0,0,1,1,33792
105,Gauge,2025-11-27 17:29:34,2025-11-27 17:30:13,44,6.59999990463257,5.125,,Beijing,HiDive,AIDA2-RESIT,29,29,29,Fresh,240,1028,1028,GF,30,70,0,0,0,Perdix 2,AA6F51C3,102,Lithium,1.5,1.5,10000,sw-pnf,17,12,False,False,0,0,0,1,1,33792
106,Gauge,2025-11-27 17:31:45,2025-11-27 17:32:08,28,7.70000028610229,4.56666660308838,,Beijing,HiDive,AIDA2-RESIT,29,29,29,Fresh,120,1028,1028,GF,30,70,0,0,0,Perdix 2,AA6F51C3,102,Lithium,1.5,1.5,10000,sw-pnf,17,12,False,False,0,0,0,1,1,33792
107,Gauge,2025-11-27 17:35:57,2025-11-27 17:36:11,19,4.40000009536743,3.45000004768372,,Beijing,HiDive,AIDA2-RESIT,29,29,29,Fresh,240,1028,1028,GF,30,70,0,0,0,Perdix 2,AA6F51C3,102,Lithium,1.5,1.5,10000,sw-pnf,17,12,False,False,0,0,0,1,1,33792
108,Gauge,2025-11-27 17:39:15,2025-11-27 17:39:47,37,12,5.3600001335144,,Beijing,HiDive,AIDA2-RESIT,29,29,29,Fresh,240,1028,1028,GF,30,70,0,0,0,Perdix 2,AA6F51C3,102,Lithium,1.5,1.5,10000,sw-pnf,17,12,False,False,0,0,0,1,1,33792
109,Gauge,2025-11-27 17:42:11,2025-11-27 17:42:44,38,11.6000003814697,6.69999980926514,,Beijing,HiDive,AIDA2-RESIT,29,29,29,Fresh,180,1028,1028,GF,30,70,0,0,0,Perdix 2,AA6F51C3,102,Lithium,1.5,1.5,10000,sw-pnf,17,12,False,False,0,0,0,1,1,33792
110,Gauge,2025-11-27 17:44:45,2025-11-27 17:45:03,23,4.90000009536743,4,,Beijing,HiDive,AIDA2-RESIT,29,29,29,Fresh,180,1028,1028,GF,30,70,0,0,0,Perdix 2,AA6F51C3,102,Lithium,1.5,1.5,10000,sw-pnf,17,12,False,False,0,0,0,1,1,33792
111,Gauge,2025-11-27 17:53:26,2025-11-27 17:53:40,19,5.30000019073486,3.69999980926514,,Beijing,HiDive,AIDA2-RESIT,29,29,29,Fresh,540,1028,1028,GF,30,70,0,0,0,Perdix 2,AA6F51C3,102,Lithium,1.5,1.5,10000,sw-pnf,17,12,False,False,0,0,0,1,1,33792
112,Gauge,2025-11-27 17:55:10,2025-11-27 17:55:13,8,3.40000009536743,3,,Beijing,HiDive,AIDA2-RESIT,29,29,29,Fresh,120,1028,1028,GF,30,70,0,0,0,Perdix 2,AA6F51C3,102,Lithium,1.5,1.5,10000,sw-pnf,17,12,False,False,0,0,0,1,1,33792
113,Gauge,2025-11-27 17:56:31,2025-11-27 17:56:50,24,5,4.05000019073486,,Beijing,HiDive,AIDA2-RESIT,29,29,29,Fresh,120,1028,1028,GF,30,70,0,0,0,Perdix 2,AA6F51C3,102,Lithium,1.5,1.5,10000,sw-pnf,17,12,False,False,0,0,0,1,1,33792
114,Gauge,2025-11-29 10:33:00,2025-11-29 10:33:15,20,5.40000009536743,3.06666684150696,,Beijing,HiDive,,29,28,28.6666660308838,Fresh,146160,1019,1019,GF,30,70,0,0,0,Perdix 2,AA6F51C3,102,Lithium,1.5,1.5,10000,sw-pnf,17,12,False,False,0,0,0,1,1,33792
115,Gauge,2025-11-29 10:34:17,2025-11-29 10:34:34,23,5,3.80000019073486,,Beijing,HiDive,,29,29,29,Fresh,120,1019,1019,GF,30,70,0,0,0,Perdix 2,AA6F51C3,102,Lithium,1.5,1.5,10000,sw-pnf,17,12,False,False,0,0,0,1,1,33792
116,Gauge,2025-11-29 10:35:50,2025-11-29 10:36:10,25,5.40000009536743,4.19999980926514,,Beijing,HiDive,,29,29,29,Fresh,120,1019,1019,GF,30,70,0,0,0,Perdix 2,AA6F51C3,102,Lithium,1.5,1.5,10000,sw-pnf,17,12,False,False,0,0,0,1,1,33792
117,Gauge,2025-11-29 10:39:05,2025-11-29 10:39:16,16,4.70000028610229,4.30000019073486,,Beijing,HiDive,,29,29,29,Fresh,180,1019,1019,GF,30,70,0,0,0,Perdix 2,AA6F51C3,102,Lithium,1.5,1.5,10000,sw-pnf,17,12,False,False,0,0,0,1,1,33792
118,Gauge,2025-11-29 10:42:12,2025-11-29 10:42:15,8,2,1.70000004768372,,Beijing,HiDive,,29,29,29,Fresh,180,1019,1019,GF,30,70,0,0,0,Perdix 2,AA6F51C3,102,Lithium,1.5,1.5,10000,sw-pnf,17,12,False,False,0,0,0,1,1,33792
119,Gauge,2025-11-29 10:43:11,2025-11-29 10:43:17,11,3.90000009536743,3.79999995231628,,Beijing,HiDive,,29,29,29,Fresh,60,1019,1019,GF,30,70,0,0,0,Perdix 2,AA6F51C3,102,Lithium,1.5,1.5,10000,sw-pnf,17,12,False,False,0,0,0,1,1,33792
120,Gauge,2025-11-29 10:44:32,2025-11-29 10:44:43,16,5.70000028610229,2.84999990463257,,Beijing,HiDive,,29,29,29,Fresh,120,1019,1019,GF,30,70,0,0,0,Perdix 2,AA6F51C3,102,Lithium,1.5,1.5,10000,sw-pnf,17,12,False,False,0,0,0,1,1,33792
121,Gauge,2025-11-29 10:46:00,2025-11-29 10:46:18,23,8.30000019073486,5.60000038146973,,Beijing,HiDive,,29,29,29,Fresh,120,1019,1019,GF,30,70,0,0,0,Perdix 2,AA6F51C3,102,Lithium,1.5,1.5,10000,sw-pnf,17,12,False,False,0,0,0,1,1,33792
122,Gauge,2025-11-29 10:48:22,2025-11-29 10:48:29,13,3.10000014305115,3,,Beijing,HiDive,,29,29,29,Fresh,180,1019,1019,GF,30,70,0,0,0,Perdix 2,AA6F51C3,102,Lithium,1.5,1.5,10000,sw-pnf,17,12,False,False,0,0,0,1,1,33792
123,Gauge,2025-11-29 10:50:52,2025-11-29 10:50:59,12,3.5,3.5,,Beijing,HiDive,,29,29,29,Fresh,180,1019,1019,GF,30,70,0,0,0,Perdix 2,AA6F51C3,102,Lithium,1.5,1.5,10000,sw-pnf,17,12,False,False,0,0,0,1,1,33792
124,Gauge,2025-11-29 10:52:34,2025-11-29 10:52:43,14,3.60000014305115,3.29999995231628,,Beijing,HiDive,,29,29,29,Fresh,120,1019,1019,GF,30,70,0,0,0,Perdix 2,AA6F51C3,102,Lithium,1.5,1.5,10000,sw-pnf,17,12,False,False,0,0,0,1,1,33792
125,Gauge,2025-11-29 10:54:26,2025-11-29 10:54:39,18,4,2.79999995231628,,Beijing,HiDive,,29,29,29,Fresh,120,1019,1019,GF,30,70,0,0,0,Perdix 2,AA6F51C3,102,Lithium,1.5,1.5,10000,sw-pnf,17,12,False,False,0,0,0,1,1,33792
126,Gauge,2025-11-29 11:01:24,2025-11-29 11:01:34,15,3.90000009536743,3.20000004768372,,Beijing,HiDive,,29,29,29,Fresh,420,1019,1019,GF,30,70,0,0,0,Perdix 2,AA6F51C3,102,Lithium,1.5,1.5,10000,sw-pnf,17,12,False,False,0,0,0,1,1,33792
127,Gauge,2025-11-29 11:02:34,2025-11-29 11:02:52,23,5.40000009536743,4.10000038146973,,Beijing,HiDive,,29,29,29,Fresh,60,1019,1019,GF,30,70,0,0,0,Perdix 2,AA6F51C3,102,Lithium,1.5,1.5,10000,sw-pnf,17,12,False,False,0,0,0,1,1,33792
128,Gauge,2025-11-29 11:04:37,2025-11-29 11:05:10,38,11.6000003814697,6.84999990463257,,Beijing,HiDive,,29,29,29,Fresh,120,1019,1019,GF,30,70,0,0,0,Perdix 2,AA6F51C3,102,Lithium,1.5,1.5,10000,sw-pnf,17,12,False,False,0,0,0,1,1,33792
129,Gauge,2025-11-29 11:07:39,2025-11-29 11:07:46,12,3.90000009536743,3.90000009536743,,Beijing,HiDive,,29,29,29,Fresh,180,1019,1019,GF,30,70,0,0,0,Perdix 2,AA6F51C3,102,Lithium,1.5,1.5,10000,sw-pnf,17,12,False,False,0,0,0,1,1,33792
130,Gauge,2025-11-29 11:10:02,2025-11-29 11:10:40,43,11.4000005722046,8.17500019073486,,Beijing,HiDive,,29,29,29,Fresh,180,1019,1019,GF,30,70,0,0,0,Perdix 2,AA6F51C3,102,Lithium,1.5,1.5,10000,sw-pnf,17,12,False,False,0,0,0,1,1,33792
131,Gauge,2025-11-29 11:13:30,2025-11-29 11:13:53,28,5.90000009536743,3.73333334922791,,Beijing,HiDive,,29,29,29,Fresh,180,1019,1019,GF,30,70,0,0,0,Perdix 2,AA6F51C3,102,Lithium,1.5,1.5,10000,sw-pnf,17,12,False,False,0,0,0,1,1,33792
132,Gauge,2025-11-29 11:15:22,2025-11-29 11:15:30,13,3.40000009536743,3.20000004768372,,Beijing,HiDive,,29,29,29,Fresh,120,1019,1019,GF,30,70,0,0,0,Perdix 2,AA6F51C3,102,Lithium,1.5,1.5,10000,sw-pnf,17,12,False,False,0,0,0,1,1,33792
133,Gauge,2025-11-29 11:17:27,2025-11-29 11:17:59,37,7,4.375,,Beijing,HiDive,,29,29,29,Fresh,120,1019,1019,GF,30,70,0,0,0,Perdix 2,AA6F51C3,102,Lithium,1.5,1.5,10000,sw-pnf,17,12,False,False,0,0,0,1,1,33792
134,Gauge,2025-11-29 11:19:57,2025-11-29 11:20:52,60,9.69999980926514,7.5,,Beijing,HiDive,,29,29,29,Fresh,120,1019,1019,GF,30,70,0,0,0,Perdix 2,AA6F51C3,102,Lithium,1.5,1.5,10000,sw-pnf,17,12,False,False,0,0,0,1,1,33792
135,Gauge,2025-11-29 11:22:55,2025-11-29 11:23:32,42,8.40000057220459,5.80000019073486,,Beijing,HiDive,,29,29,29,Fresh,180,1019,1019,GF,30,70,0,0,0,Perdix 2,AA6F51C3,102,Lithium,1.5,1.5,10000,sw-pnf,17,12,False,False,0,0,0,1,1,33792
136,Gauge,2025-11-29 11:25:23,2025-11-29 11:25:51,33,5.59999990463257,3.93333339691162,,Beijing,HiDive,,29,29,29,Fresh,120,1019,1019,GF,30,70,0,0,0,Perdix 2,AA6F51C3,102,Lithium,1.5,1.5,10000,sw-pnf,17,12,False,False,0,0,0,1,1,33792
137,Gauge,2025-11-29 11:28:43,2025-11-29 11:29:44,66,11.6999998092651,7.09999942779541,,Beijing,HiDive,,29,29,29,Fresh,180,1019,1019,GF,30,70,0,0,0,Perdix 2,AA6F51C3,102,Lithium,1.5,1.5,10000,sw-pnf,17,12,False,False,0,0,0,1,1,33792
138,Gauge,2025-11-29 11:32:25,2025-11-29 11:33:24,64,10.8000001907349,7.53333282470703,,Beijing,HiDive,,29,29,29,Fresh,180,1019,1019,GF,30,70,0,0,0,Perdix 2,AA6F51C3,102,Lithium,1.5,1.5,10000,sw-pnf,17,12,False,False,0,0,0,1,1,33792
139,Gauge,2025-11-29 11:36:52,2025-11-29 11:37:28,42,8.30000019073486,5.625,,Beijing,HiDive,,29,29,29,Fresh,240,1019,1019,GF,30,70,0,0,0,Perdix 2,AA6F51C3,102,Lithium,1.5,1.5,10000,sw-pnf,17,12,False,False,0,0,0,1,1,33792
140,Gauge,2025-11-29 11:39:08,2025-11-29 11:39:38,36,8,5.96666717529297,,Beijing,HiDive,,29,29,29,Fresh,120,1019,1019,GF,30,70,0,0,0,Perdix 2,AA6F51C3,102,Lithium,1.5,1.5,10000,sw-pnf,17,12,False,False,0,0,0,1,1,33792
141,Gauge,2025-11-29 11:41:31,2025-11-29 11:41:47,21,4.40000009536743,3.65000009536743,,Beijing,HiDive,,29,29,29,Fresh,120,1019,1019,GF,30,70,0,0,0,Perdix 2,AA6F51C3,102,Lithium,1.5,1.5,10000,sw-pnf,17,12,False,False,0,0,0,1,1,33792
142,Gauge,2025-11-29 11:44:38,2025-11-29 11:45:41,68,11.6000003814697,7.94285726547241,,Beijing,HiDive,,29,29,29,Fresh,180,1019,1019,GF,30,70,0,0,0,Perdix 2,AA6F51C3,102,Lithium,1.5,1.5,10000,sw-pnf,17,12,False,False,0,0,0,1,1,33792
143,Gauge,2025-11-29 11:48:11,2025-11-29 11:48:40,34,6.80000019073486,4.79999971389771,,Beijing,HiDive,,29,29,29,Fresh,180,1019,1019,GF,30,70,0,0,0,Perdix 2,AA6F51C3,102,Lithium,1.5,1.5,10000,sw-pnf,17,12,False,False,0,0,0,1,1,33792
144,Gauge,2025-11-29 11:49:58,2025-11-29 11:50:56,63,11.6000003814697,8.10000038146973,,Beijing,HiDive,,29,29,29,Fresh,120,1019,1019,GF,30,70,0,0,0,Perdix 2,AA6F51C3,102,Lithium,1.5,1.5,10000,sw-pnf,17,12,False,False,0,0,0,1,1,33792
145,Gauge,2025-11-29 11:53:05,2025-11-29 11:53:37,37,7.59999990463257,4.47499990463257,,Beijing,HiDive,,29,29,29,Fresh,180,1019,1019,GF,30,70,0,0,0,Perdix 2,AA6F51C3,102,Lithium,1.5,1.5,10000,sw-pnf,17,12,False,False,0,0,0,1,1,33792
146,Gauge,2025-11-29 11:55:25,2025-11-29 11:55:50,30,6.90000009536743,4.46666669845581,,Beijing,HiDive,,29,29,29,Fresh,120,1019,1019,GF,30,70,0,0,0,Perdix 2,AA6F51C3,102,Lithium,1.5,1.5,10000,sw-pnf,17,12,False,False,0,0,0,1,1,33792
147,Gauge,2025-11-29 11:57:10,2025-11-29 11:57:56,51,10.9000005722046,6.53999996185303,,Beijing,HiDive,,29,29,29,Fresh,120,1019,1019,GF,30,70,0,0,0,Perdix 2,AA6F51C3,102,Lithium,1.5,1.5,10000,sw-pnf,17,12,False,False,0,0,0,1,1,33792
1001,OC Rec,2024-09-27 09:50:20,2024-09-27 10:30:47,2427,19.8000011444092,11.9925603866577,,,,,30,29,29.0123958587646,EN13319,70560,1020,1020,GF,40,85,42,0,2,Teric,E096404C,31,Li-Ion,4.30000019073486,4.30000019073486,10000,sw-pnf,16,12,False,False,0,0,0,1,0,0
1002,OC Rec,2024-09-27 11:25:49,2024-09-27 12:11:23,2734,18.2000007629395,10.5416078567505,,,,,30,29,29.0656929016113,EN13319,3360,1024,1024,GF,40,85,36,1,3,Teric,E096404C,31,Li-Ion,4.30000019073486,4.30000019073486,10000,sw-pnf,16,12,False,False,0,0,0,1,0,0
1003,OC Rec,2024-09-27 13:43:49,2024-09-27 14:34:50,3061,18.8000011444092,9.53861331939697,,,,,30,29,29.1188125610352,EN13319,5580,1012,1012,GF,40,85,39,2,3,Teric,E096404C,31,Li-Ion,4.30000019073486,4.20000028610229,10000,sw-pnf,16,12,False,False,0,0,0,1,0,0
1004,OC Rec,2024-09-28 10:25:20,2024-09-28 11:11:34,2774,22.3999996185303,11.5353813171387,,,,,30,29,29.0108299255371,EN13319,71460,1015,1015,GF,40,85,43,0,2,Teric,E096404C,31,Li-Ion,4.30000019073486,4.30000019073486,10000,sw-pnf,16,12,False,False,0,0,0,1,0,0
1005,OC Rec,2024-09-28 12:12:04,2024-09-28 12:51:59,2395,13.6999998092651,7.70794773101807,,,,,30,29,29.4184093475342,EN13319,3660,1019,1019,GF,40,85,13,1,1,Teric,E096404C,31,Li-Ion,4.30000019073486,4.30000019073486,10000,sw-pnf,16,12,False,False,0,0,0,1,0,0
1006,OC Rec,2024-09-28 14:23:06,2024-09-28 15:11:40,2914,17.3999996185303,12.5243902206421,,,,,30,29,29.1546382904053,EN13319,5520,1013,1013,GF,40,85,48,1,2,Teric,E096404C,31,Li-Ion,4.30000019073486,4.30000019073486,10000,sw-pnf,16,12,False,False,0,0,0,1,0,0
1007,OC Rec,2024-09-29 10:32:43,2024-09-29 11:07:54,2111,28.3999996185303,16.4696636199951,,,,,30,29,29.037914276123,EN13319,69720,1024,1024,GF,40,85,56,0,4,Teric,E096404C,31,Li-Ion,4.30000019073486,4.30000019073486,10000,sw-pnf,16,12,False,False,0,0,0,1,0,0
1008,OC Rec,2024-09-29 12:14:15,2024-09-29 13:02:30,2895,20.6000003814697,12.9598598480225,,,,,30,29,29.0311412811279,EN13319,4020,1011,1011,GF,40,85,58,2,5,Teric,E096404C,31,Li-Ion,4.30000019073486,4.30000019073486,10000,sw-pnf,16,12,False,False,0,0,0,1,0,0
1009,OC Rec,2024-09-29 14:22:01,2024-09-29 15:08:06,2765,19.2000007629395,10.8505411148071,,,,,31,29,29.314079284668,EN13319,4800,1010,1010,GF,40,85,37,3,4,Teric,E096404C,31,Li-Ion,4.30000019073486,4.30000019073486,10000,sw-pnf,16,12,False,False,0,0,0,1,0,0
1010,OC Rec,2024-09-30 10:10:07,2024-09-30 10:48:45,2318,22.6000003814697,15.0366334915161,,,,,30,29,29.0258617401123,EN13319,68580,1021,1021,GF,40,85,59,0,3,Teric,E096404C,31,Li-Ion,4.20000028610229,4.20000028610229,10000,sw-pnf,16,12,False,False,0,0,0,1,0,0
1011,OC Rec,2024-09-30 12:17:09,2024-09-30 12:47:43,1834,31.6000003814697,17.4639339447021,,,,,31,29,29.3879776000977,EN13319,5340,1019,1019,GF,40,85,56,2,5,Teric,E096404C,31,Li-Ion,4.20000028610229,4.20000028610229,10000,sw-pnf,16,12,False,False,0,0,0,1,0,0
1012,OC Rec,2024-09-30 14:21:44,2024-09-30 15:01:23,2379,21.1000003814697,16.6248989105225,,,,,30,29,29.0590724945068,EN13319,5700,1003,1003,GF,40,85,64,2,7,Teric,E096404C,31,Li-Ion,4.09999990463257,4.09999990463257,10000,sw-pnf,16,12,False,False,0,0,0,1,0,0
1013,OC Rec,2024-10-01 10:32:37,2024-10-01 11:04:56,1939,27.3999996185303,18.04714012146,,,,,30,29,29.098445892334,EN13319,70320,1015,1015,GF,40,85,60,0,4,Teric,E096404C,31,Li-Ion,4.09999990463257,4.09999990463257,10000,sw-pnf,16,12,False,False,0,0,0,1,0,0
1014,OC Rec,2024-10-01 12:23:20,2024-10-01 12:57:58,2078,25.3999996185303,11.8485412597656,,,,,30,29,29.1941738128662,EN13319,4740,1015,1015,GF,40,85,49,2,4,Teric,E096404C,31,Li-Ion,4,4,10000,sw-pnf,16,12,False,False,0,0,0,1,0,0
1015,OC Rec,2024-10-01 14:04:36,2024-10-01 14:52:00,2844,15.8000001907349,10.2503519058228,,,,,30,29,29.7676048278809,EN13319,4020,1015,1015,GF,40,85,40,3,3,Teric,E096404C,31,Li-Ion,4,4,10000,sw-pnf,16,12,False,False,0,0,0,1,0,0
1016,OC Rec,2024-10-02 10:39:08,2024-10-02 11:24:26,2718,18.2000007629395,11.8547763824463,,,,,30,30,30,EN13319,71280,1015,1015,GF,40,85,38,0,2,Teric,E096404C,31,Li-Ion,4.30000019073486,4.30000019073486,10000,sw-pnf,16,12,False,False,0,0,0,1,0,0
1017,OC Rec,2024-10-02 12:59:54,2024-10-02 13:41:11,2477,25.3999996185303,16.8651790618896,,,,,30,30,30,EN13319,5760,1013,1013,GF,40,85,67,1,5,Teric,E096404C,31,Li-Ion,4.30000019073486,4.30000019073486,10000,sw-pnf,16,12,False,False,0,0,0,1,0,0
1018,OC Rec,2024-10-02 15:20:08,2024-10-02 15:48:36,1708,28.1000003814697,20.5600032806396,,,,,30,30,30,EN13319,6000,1015,1015,GF,40,85,75,3,6,Teric,E096404C,31,Li-Ion,4.30000019073486,4.30000019073486,10000,sw-pnf,16,12,False,False,0,0,0,1,0,0
1019,OC Rec,2024-10-03 10:38:52,2024-10-03 11:27:03,2891,29.5,13.1484432220459,,,,,30,28,29.179931640625,EN13319,67860,1013,1013,GF,40,85,59,0,3,Teric,E096404C,31,Li-Ion,4.30000019073486,4.30000019073486,10000,sw-pnf,16,12,False,False,0,0,0,1,0,0
1020,OC Rec,2024-10-03 12:44:22,2024-10-03 13:20:22,2160,29.5,10.8760414123535,,,,,30,29,29.6820278167725,EN13319,4680,1016,1016,GF,40,85,35,1,3,Teric,E096404C,31,Li-Ion,4.30000019073486,4.30000019073486,10000,sw-pnf,16,12,False,False,0,0,0,1,0,0
1021,OC Rec,2024-10-03 14:20:25,2024-10-03 15:00:58,2433,28.8000011444092,15.4135770797729,,,,,30,30,30,EN13319,3660,1010,1010,GF,40,85,57,2,5,Teric,E096404C,31,Li-Ion,4.30000019073486,4.30000019073486,10000,sw-pnf,16,12,False,False,0,0,0,1,0,0
1022,OC Rec,2024-10-04 09:56:19,2024-10-04 10:31:38,2119,25.6000003814697,12.2219066619873,,,,,29,27,28.7238101959229,EN13319,68160,1016,1016,GF,40,85,33,0,2,Teric,E096404C,31,Li-Ion,4.20000028610229,4.20000028610229,10000,sw-pnf,16,12,False,False,0,0,0,1,0,0
1023,OC Rec,2024-10-04 11:28:13,2024-10-04 12:15:57,2864,25.5,12.2852649688721,,,,,30,29,29.1228065490723,EN13319,3420,1018,1018,GF,40,85,51,1,4,Teric,E096404C,31,Li-Ion,4.20000028610229,4.20000028610229,10000,sw-pnf,16,12,False,False,0,0,0,1,0,0
1024,OC Rec,2024-10-04 14:02:06,2024-10-04 14:41:58,2392,19.5,10.8979110717773,,,,,30,29,29.3054389953613,EN13319,6420,1010,1010,GF,40,85,28,2,3,Teric,E096404C,31,Li-Ion,4.09999990463257,4.09999990463257,10000,sw-pnf,16,12,False,False,0,0,0,1,0,0
148,Free Dive,2025-12-04 18:18:16,2025-12-04 18:19:00,44,8,2.55817270278931,Yiqu,Beijing,HiDive,,30,30,30,Fresh,79140,1033,1033,GF,50,70,0,0,0,Teric,E096404C,36,Li-Ion,4.30000019073486,4.30000019073486,1000,sw-pnf,17,12,False,False,0,0,0,1,0,0
149,Free Dive,2025-12-04 18:21:37,2025-12-04 18:22:14,37,9,4.37323999404907,Yiqu,Beijing,HiDive,,30,30,30,Fresh,180,1036,1036,GF,50,70,0,0,0,Teric,E096404C,36,Li-Ion,4.30000019073486,4.30000019073486,1000,sw-pnf,17,12,False,False,0,0,0,1,0,0
150,Free Dive,2025-12-04 18:25:01,2025-12-04 18:25:30,29,7.09999990463257,2.41431093215942,Yiqu,Beijing,HiDive,,30,30,30,Fresh,180,1045,1045,GF,50,70,0,0,0,Teric,E096404C,36,Li-Ion,4.30000019073486,4.30000019073486,1000,sw-pnf,17,12,False,False,0,0,0,1,0,0
151,Free Dive,2025-12-04 18:27:26,2025-12-04 18:27:51,25,7.30000019073486,3.05838084220886,Yiqu,Beijing,HiDive,,30,30,30,Fresh,120,1045,1045,GF,50,70,0,0,0,Teric,E096404C,36,Li-Ion,4.30000019073486,4.30000019073486,1000,sw-pnf,17,12,False,False,0,0,0,1,0,0
152,Free Dive,2025-12-04 18:32:16,2025-12-04 18:33:10,54,10.6999998092651,6.695387840271,Yiqu,Beijing,HiDive,,30,30,30,Fresh,300,1046,1046,GF,50,70,0,0,0,Teric,E096404C,36,Li-Ion,4.30000019073486,4.30000019073486,1000,sw-pnf,17,12,False,False,0,0,0,1,0,0
153,Free Dive,2025-12-04 18:37:04,2025-12-04 18:38:13,69,11.8000001907349,7.46256113052368,Yiqu,Beijing,HiDive,,30,30,30,Fresh,240,1046,1046,GF,50,70,0,0,0,Teric,E096404C,36,Li-Ion,4.30000019073486,4.30000019073486,1000,sw-pnf,17,12,False,False,0,0,0,1,0,0
154,Free Dive,2025-12-04 18:45:02,2025-12-04 18:45:45,43,4.80000019073486,1.74011492729187,Yiqu,Beijing,HiDive,,30,30,30,Fresh,420,1046,1046,GF,50,70,0,0,0,Teric,E096404C,36,Li-Ion,4.30000019073486,4.30000019073486,1000,sw-pnf,17,12,False,False,0,0,0,1,0,0
155,Free Dive,2025-12-04 18:46:21,2025-12-04 18:47:19,58,11.6000003814697,6.11425495147705,Yiqu,Beijing,HiDive,,30,30,30,Fresh,60,1046,1046,GF,50,70,0,0,0,Teric,E096404C,36,Li-Ion,4.30000019073486,4.30000019073486,1000,sw-pnf,17,12,False,False,0,0,0,1,0,0
156,Free Dive,2025-12-04 18:52:27,2025-12-04 18:53:02,35,8.69999980926514,4.23490381240845,Yiqu,Beijing,HiDive,,30,30,30,Fresh,360,1045,1045,GF,50,70,0,0,0,Teric,E096404C,36,Li-Ion,4.30000019073486,4.30000019073486,1000,sw-pnf,17,12,False,False,0,0,0,1,0,0
157,Free Dive,2025-12-04 18:57:40,2025-12-04 18:58:25,45,9.80000019073486,4.93385124206543,Yiqu,Beijing,HiDive,,30,30,30,Fresh,300,1045,1045,GF,50,70,0,0,0,Teric,E096404C,36,Li-Ion,4.30000019073486,4.30000019073486,1000,sw-pnf,17,12,False,False,0,0,0,1,0,0
158,Free Dive,2025-12-04 18:59:35,2025-12-04 19:00:11,36,9.19999980926514,4.59341478347778,Yiqu,Beijing,HiDive,,30,30,30,Fresh,120,1045,1045,GF,50,70,0,0,0,Teric,E096404C,36,Li-Ion,4.30000019073486,4.30000019073486,1000,sw-pnf,17,12,False,False,0,0,0,1,0,0
159,Free Dive,2025-12-04 19:14:07,2025-12-04 19:14:44,37,10.1999998092651,4.89635992050171,Yiqu,Beijing,HiDive,,30,30,30,Fresh,840,1045,1045,GF,50,70,0,0,0,Teric,E096404C,36,Li-Ion,4.30000019073486,4.30000019073486,1000,sw-pnf,17,12,False,False,0,0,0,1,0,0
160,Free Dive,2025-12-04 19:17:45,2025-12-04 19:18:49,64,11.6999998092651,7.49959945678711,Yiqu,Beijing,HiDive,,30,30,30,Fresh,240,1045,1045,GF,50,70,0,0,0,Teric,E096404C,36,Li-Ion,4.30000019073486,4.30000019073486,1000,sw-pnf,17,12,False,False,0,0,0,1,0,0
161,Free Dive,2025-12-04 19:22:39,2025-12-04 19:23:35,56,11.8000001907349,6.95980739593506,Yiqu,Beijing,HiDive,,30,30,30,Fresh,240,1044,1044,GF,50,70,0,0,0,Teric,E096404C,36,Li-Ion,4.30000019073486,4.30000019073486,1000,sw-pnf,17,12,False,False,0,0,0,1,0,0
162,Free Dive,2025-12-04 19:25:43,2025-12-04 19:26:00,17,1,0.566143870353699,Yiqu,Beijing,HiDive,,30,30,30,Fresh,180,1044,1044,GF,50,70,0,0,0,Teric,E096404C,36,Li-Ion,4.30000019073486,4.30000019073486,1000,sw-pnf,17,12,False,False,0,0,0,1,0,0
163,Free Dive,2025-12-04 19:27:32,2025-12-04 19:28:38,66,7.80000019073486,3.20703482627869,Yiqu,Beijing,HiDive,,30,30,30,Fresh,120,1044,1044,GF,50,70,0,0,0,Teric,E096404C,36,Li-Ion,4.30000019073486,4.30000019073486,1000,sw-pnf,17,12,False,False,0,0,0,1,0,0
164,Free Dive,2025-12-04 19:29:40,2025-12-04 19:30:04,24,3.60000014305115,1.26032400131226,Yiqu,Beijing,HiDive,,30,30,30,Fresh,120,1044,1044,GF,50,70,0,0,0,Teric,E096404C,36,Li-Ion,4.30000019073486,4.30000019073486,1000,sw-pnf,17,12,False,False,0,0,0,1,0,0
165,Free Dive,2025-12-04 19:34:28,2025-12-04 19:35:30,62,10.6999998092651,5.29678726196289,Yiqu,Beijing,HiDive,,30,30,30,Fresh,300,1044,1044,GF,50,70,0,0,0,Teric,E096404C,36,Li-Ion,4.30000019073486,4.30000019073486,1000,sw-pnf,17,12,False,False,0,0,0,1,0,0
166,Free Dive,2025-12-04 19:40:19,2025-12-04 19:41:20,61,11.8000001907349,6.51834154129028,Yiqu,Beijing,HiDive,,30,30,30,Fresh,300,1044,1044,GF,50,70,0,0,0,Teric,E096404C,36,Li-Ion,4.30000019073486,4.30000019073486,1000,sw-pnf,17,12,False,False,0,0,0,1,0,0
167,Free Dive,2025-12-04 19:50:46,2025-12-04 19:51:15,29,4.30000019073486,1.92661225795746,Yiqu,Beijing,HiDive,,30,30,30,Fresh,600,1044,1044,GF,50,70,0,0,0,Teric,E096404C,36,Li-Ion,4.30000019073486,4.30000019073486,1000,sw-pnf,17,12,False,False,0,0,0,1,0,0
168,Free Dive,2025-12-04 19:53:27,2025-12-04 19:54:00,33,3,1.23145997524261,Yiqu,Beijing,HiDive,,30,30,30,Fresh,180,1044,1044,GF,50,70,0,0,0,Teric,E096404C,36,Li-Ion,4.30000019073486,4.30000019073486,1000,sw-pnf,17,12,False,False,0,0,0,1,0,0
169,Free Dive,2025-12-11 18:14:45,2025-12-11 18:15:23,38,10.9000005722046,4.16562366485596,Yiqu,Beijing,HiDive,,30,30,30,Fresh,598860,1041,1041,GF,50,70,0,0,0,Teric,E096404C,36,Li-Ion,4.30000019073486,4.30000019073486,1000,sw-pnf,17,12,False,False,0,0,0,1,0,0
170,Free Dive,2025-12-11 18:20:34,2025-12-11 18:21:54,80,11.8000001907349,6.59211158752441,Yiqu,Beijing,HiDive,,30,30,30,Fresh,360,1051,1051,GF,50,70,0,0,0,Teric,E096404C,36,Li-Ion,4.30000019073486,4.30000019073486,1000,sw-pnf,17,12,False,False,0,0,0,1,0,0
171,Free Dive,2025-12-11 18:23:42,2025-12-11 18:23:58,16,2.5,0.814353466033936,Yiqu,Beijing,HiDive,,30,30,30,Fresh,120,1052,1052,GF,50,70,0,0,0,Teric,E096404C,36,Li-Ion,4.30000019073486,4.30000019073486,1000,sw-pnf,17,12,False,False,0,0,0,1,0,0
172,Free Dive,2025-12-11 18:26:15,2025-12-11 18:27:35,80,12,8.19360160827637,Yiqu,Beijing,HiDive,,30,30,30,Fresh,180,1052,1052,GF,50,70,0,0,0,Teric,E096404C,36,Li-Ion,4.30000019073486,4.30000019073486,1000,sw-pnf,17,12,False,False,0,0,0,1,0,0
173,Free Dive,2025-12-11 18:32:07,2025-12-11 18:32:55,48,7.59999990463257,2.55108785629272,Yiqu,Beijing,HiDive,,30,30,30,Fresh,300,1052,1052,GF,50,70,0,0,0,Teric,E096404C,36,Li-Ion,4.30000019073486,4.30000019073486,1000,sw-pnf,17,12,False,False,0,0,0,1,0,0
174,Free Dive,2025-12-11 18:36:18,2025-12-11 18:36:47,29,10.6000003814697,4.48833894729614,Yiqu,Beijing,HiDive,,30,30,30,Fresh,240,1052,1052,GF,50,70,0,0,0,Teric,E096404C,36,Li-Ion,4.30000019073486,4.30000019073486,1000,sw-pnf,17,12,False,False,0,0,0,1,0,0
175,Free Dive,2025-12-11 18:39:06,2025-12-11 18:39:43,37,11.4000005722046,4.77091503143311,Yiqu,Beijing,HiDive,,30,30,30,Fresh,180,1052,1052,GF,50,70,0,0,0,Teric,E096404C,36,Li-Ion,4.30000019073486,4.30000019073486,1000,sw-pnf,17,12,False,False,0,0,0,1,0,0
176,Free Dive,2025-12-11 18:41:54,2025-12-11 18:42:27,33,11.1999998092651,4.9721155166626,Yiqu,Beijing,HiDive,,30,30,30,Fresh,180,1052,1052,GF,50,70,0,0,0,Teric,E096404C,36,Li-Ion,4.30000019073486,4.30000019073486,1000,sw-pnf,17,12,False,False,0,0,0,1,0,0
177,Free Dive,2025-12-11 18:43:39,2025-12-11 18:43:49,10,1.10000002384186,0.577393710613251,Yiqu,Beijing,HiDive,,30,29,29.875,Fresh,120,1052,1052,GF,50,70,0,0,0,Teric,E096404C,36,Li-Ion,4.30000019073486,4.30000019073486,1000,sw-pnf,17,12,False,False,0,0,0,1,0,0
178,Free Dive,2025-12-11 18:45:59,2025-12-11 18:46:35,36,1.10000002384186,0.924751996994019,Yiqu,Beijing,HiDive,,30,30,30,Fresh,180,1052,1052,GF,50,70,0,0,0,Teric,E096404C,36,Li-Ion,4.30000019073486,4.30000019073486,1000,sw-pnf,17,12,False,False,0,0,0,1,0,0
179,Free Dive,2025-12-11 18:47:45,2025-12-11 18:48:20,35,11,4.84173774719238,Yiqu,Beijing,HiDive,,30,30,30,Fresh,120,1052,1052,GF,50,70,0,0,0,Teric,E096404C,36,Li-Ion,4.20000028610229,4.30000019073486,1000,sw-pnf,17,12,False,False,0,0,0,1,0,0
180,Free Dive,2025-12-11 18:48:55,2025-12-11 18:49:20,25,1,0.698316335678101,Yiqu,Beijing,HiDive,,30,30,30,Fresh,60,1052,1052,GF,50,70,0,0,0,Teric,E096404C,36,Li-Ion,4.20000028610229,4.20000028610229,1000,sw-pnf,17,12,False,False,0,0,0,1,0,0
181,Free Dive,2025-12-11 18:50:50,2025-12-11 18:51:31,41,11.1999998092651,5.31101322174072,Yiqu,Beijing,HiDive,,30,30,30,Fresh,120,1052,1052,GF,50,70,0,0,0,Teric,E096404C,36,Li-Ion,4.20000028610229,4.20000028610229,1000,sw-pnf,17,12,False,False,0,0,0,1,0,0
182,Free Dive,2025-12-11 18:56:16,2025-12-11 18:57:16,60,11.9000005722046,5.8239164352417,Yiqu,Beijing,HiDive,,30,29,29.9848480224609,Fresh,300,1052,1052,GF,50,70,0,0,0,Teric,E096404C,36,Li-Ion,4.20000028610229,4.20000028610229,1000,sw-pnf,17,12,False,False,0,0,0,1,0,0
183,Free Dive,2025-12-11 18:58:30,2025-12-11 18:59:18,48,11.1999998092651,4.61254024505615,Yiqu,Beijing,HiDive,,30,30,30,Fresh,120,1051,1051,GF,50,70,0,0,0,Teric,E096404C,36,Li-Ion,4.20000028610229,4.20000028610229,1000,sw-pnf,17,12,False,False,0,0,0,1,0,0
184,Free Dive,2025-12-11 18:59:54,2025-12-11 19:00:30,36,1.60000002384186,0.652109622955322,Yiqu,Beijing,HiDive,,30,30,30,Fresh,60,1051,1051,GF,50,70,0,0,0,Teric,E096404C,36,Li-Ion,4.20000028610229,4.20000028610229,1000,sw-pnf,17,12,False,False,0,0,0,1,0,0
185,Free Dive,2025-12-11 19:01:41,2025-12-11 19:02:43,62,10,3.63875699043274,Yiqu,Beijing,HiDive,,30,30,30,Fresh,120,1051,1051,GF,50,70,0,0,0,Teric,E096404C,36,Li-Ion,4.20000028610229,4.20000028610229,1000,sw-pnf,17,12,False,False,0,0,0,1,0,0
186,Free Dive,2025-12-11 19:11:18,2025-12-11 19:12:01,43,9.5,4.11201429367065,Yiqu,Beijing,HiDive,,30,30,30,Fresh,540,1051,1051,GF,50,70,0,0,0,Teric,E096404C,36,Li-Ion,4.20000028610229,4.20000028610229,1000,sw-pnf,17,12,False,False,0,0,0,1,0,0
187,Free Dive,2025-12-11 19:13:04,2025-12-11 19:13:32,28,2.5,1.24820780754089,Yiqu,Beijing,HiDive,,30,30,30,Fresh,120,1051,1051,GF,50,70,0,0,0,Teric,E096404C,36,Li-Ion,4.20000028610229,4.20000028610229,1000,sw-pnf,17,12,False,False,0,0,0,1,0,0
188,Free Dive,2025-12-11 19:13:50,2025-12-11 19:14:22,32,3.29999995231628,1.93390262126923,Yiqu,Beijing,HiDive,,30,30,30,Fresh,60,1051,1051,GF,50,70,0,0,0,Teric,E096404C,36,Li-Ion,4.20000028610229,4.20000028610229,1000,sw-pnf,17,12,False,False,0,0,0,1,0,0
189,Free Dive,2025-12-11 19:15:11,2025-12-11 19:15:55,44,0.800000011920929,0.560415625572205,Yiqu,Beijing,HiDive,,30,30,30,Fresh,60,1051,1051,GF,50,70,0,0,0,Teric,E096404C,36,Li-Ion,4.20000028610229,4.20000028610229,1000,sw-pnf,17,12,False,False,0,0,0,1,0,0
190,Free Dive,2025-12-11 19:16:35,2025-12-11 19:17:36,61,11.1999998092651,4.36681747436523,Yiqu,Beijing,HiDive,,30,30,30,Fresh,60,1051,1051,GF,50,70,0,0,0,Teric,E096404C,36,Li-Ion,4.20000028610229,4.20000028610229,1000,sw-pnf,17,12,False,False,0,0,0,1,0,0
191,Free Dive,2025-12-11 19:21:36,2025-12-11 19:22:43,67,11.9000005722046,6.73547410964966,Yiqu,Beijing,HiDive,,30,30,30,Fresh,240,1051,1051,GF,50,70,0,0,0,Teric,E096404C,36,Li-Ion,4.20000028610229,4.20000028610229,1000,sw-pnf,17,12,False,False,0,0,0,1,0,0
192,Free Dive,2025-12-11 19:25:55,2025-12-11 19:27:16,81,11.9000005722046,8.68614864349365,Yiqu,Beijing,HiDive,,30,30,30,Fresh,240,1051,1051,GF,50,70,0,0,0,Teric,E096404C,36,Li-Ion,4.20000028610229,4.20000028610229,1000,sw-pnf,17,12,False,False,0,0,0,1,0,0
193,Free Dive,2025-12-11 19:31:37,2025-12-11 19:32:50,73,11.9000005722046,6.96441316604614,Yiqu,Beijing,HiDive,,30,30,30,Fresh,300,1052,1052,GF,50,70,0,0,0,Teric,E096404C,36,Li-Ion,4.20000028610229,4.20000028610229,1000,sw-pnf,17,12,False,False,0,0,0,1,0,0
194,Free Dive,2025-12-11 19:35:46,2025-12-11 19:36:33,47,11,4.72227144241333,Yiqu,Beijing,HiDive,,30,30,30,Fresh,180,1052,1052,GF,50,70,0,0,0,Teric,E096404C,36,Li-Ion,4.20000028610229,4.20000028610229,1000,sw-pnf,17,12,False,False,0,0,0,1,0,0
195,Free Dive,2025-12-11 19:38:51,2025-12-11 19:39:52,61,11.9000005722046,7.53208541870117,Yiqu,Beijing,HiDive,,30,30,30,Fresh,180,1052,1052,GF,50,70,0,0,0,Teric,E096404C,36,Li-Ion,4.20000028610229,4.20000028610229,1000,sw-pnf,17,12,False,False,0,0,0,1,0,0
196,Free Dive,2025-12-11 19:41:58,2025-12-11 19:42:11,13,0.900000035762787,0.570484220981598,Yiqu,Beijing,HiDive,,30,30,30,Fresh,180,1052,1052,GF,50,70,0,0,0,Teric,E096404C,36,Li-Ion,4.20000028610229,4.20000028610229,1000,sw-pnf,17,12,False,False,0,0,0,1,0,0
197,Free Dive,2025-12-11 19:43:03,2025-12-11 19:43:37,34,6.90000009536743,3.66676831245422,Yiqu,Beijing,HiDive,,30,30,30,Fresh,60,1052,1052,GF,50,70,0,0,0,Teric,E096404C,36,Li-Ion,4.20000028610229,4.20000028610229,1000,sw-pnf,17,12,False,False,0,0,0,1,0,0
198,Free Dive,2025-12-11 19:44:57,2025-12-11 19:45:36,39,8.40000057220459,4.31075382232666,Yiqu,Beijing,HiDive,,30,30,30,Fresh,120,1052,1052,GF,50,70,0,0,0,Teric,E096404C,36,Li-Ion,4.20000028610229,4.20000028610229,1000,sw-pnf,17,12,False,False,0,0,0,1,0,0
199,Free Dive,2025-12-11 19:48:36,2025-12-11 19:48:45,9,1.10000002384186,0.615886867046356,Yiqu,Beijing,HiDive,,30,30,30,Fresh,180,1053,1053,GF,50,70,0,0,0,Teric,E096404C,36,Li-Ion,4.20000028610229,4.20000028610229,1000,sw-pnf,17,12,False,False,0,0,0,1,0,0
200,Free Dive,2025-12-11 19:50:18,2025-12-11 19:50:34,16,1.10000002384186,0.708677470684052,Yiqu,Beijing,HiDive,,30,30,30,Fresh,120,1053,1053,GF,50,70,0,0,0,Teric,E096404C,36,Li-Ion,4.20000028610229,4.20000028610229,1000,sw-pnf,17,12,False,False,0,0,0,1,0,0
201,Free Dive,2025-12-11 19:51:48,2025-12-11 19:52:29,41,7.80000019073486,4.1420693397522,Yiqu,Beijing,HiDive,,30,30,30,Fresh,120,1052,1052,GF,50,70,0,0,0,Teric,E096404C,36,Li-Ion,4.20000028610229,4.20000028610229,1000,sw-pnf,17,12,False,False,0,0,0,1,0,0
202,Free Dive,2025-12-11 19:53:38,2025-12-11 19:54:30,52,11.5,6.88512420654297,Yiqu,Beijing,HiDive,,30,30,30,Fresh,120,1052,1052,GF,50,70,0,0,0,Teric,E096404C,36,Li-Ion,4.20000028610229,4.20000028610229,1000,sw-pnf,17,12,False,False,0,0,0,1,0,0
203,Free Dive,2025-12-13 17:59:54,2025-12-13 18:00:29,35,11.6000003814697,5.12177753448486,,Beijing,HiDive,,29,29,29,Fresh,165960,1032,1032,GF,50,70,0,0,0,Teric,E096404C,36,Li-Ion,4.09999990463257,4.09999990463257,1000,sw-pnf,17,12,False,False,0,0,0,1,0,0
204,Free Dive,2025-12-13 18:01:54,2025-12-13 18:02:33,39,4.90000009536743,1.69720053672791,,Beijing,HiDive,,29,29,29,Fresh,120,1032,1032,GF,50,70,0,0,0,Teric,E096404C,36,Li-Ion,4.09999990463257,4.09999990463257,1000,sw-pnf,17,12,False,False,0,0,0,1,0,0
205,Free Dive,2025-12-13 18:04:10,2025-12-13 18:05:03,53,11.6000003814697,6.7307505607605,,Beijing,HiDive,,29,29,29,Fresh,120,1036,1036,GF,50,70,0,0,0,Teric,E096404C,36,Li-Ion,4.09999990463257,4.09999990463257,1000,sw-pnf,17,12,False,False,0,0,0,1,0,0
206,Free Dive,2025-12-13 18:07:10,2025-12-13 18:08:16,66,11.9000005722046,7.85465002059937,,Beijing,HiDive,,29,29,29,Fresh,180,1036,1036,GF,50,70,0,0,0,Teric,E096404C,36,Li-Ion,4.09999990463257,4.09999990463257,1000,sw-pnf,17,12,False,False,0,0,0,1,0,0
207,Free Dive,2025-12-13 18:11:11,2025-12-13 18:12:14,63,11.9000005722046,8.06300735473633,,Beijing,HiDive,,29,29,29,Fresh,180,1036,1036,GF,50,70,0,0,0,Teric,E096404C,36,Li-Ion,4.09999990463257,4.09999990463257,1000,sw-pnf,17,12,False,False,0,0,0,1,0,0
208,Free Dive,2025-12-13 18:15:56,2025-12-13 18:16:49,53,8.90000057220459,4.18086004257202,,Beijing,HiDive,,29,29,29,Fresh,240,1044,1044,GF,50,70,0,0,0,Teric,E096404C,36,Li-Ion,4.09999990463257,4.09999990463257,1000,sw-pnf,17,12,False,False,0,0,0,1,0,0
209,Free Dive,2025-12-13 18:21:04,2025-12-13 18:21:52,48,8,4.46676397323608,,Beijing,HiDive,,29,29,29,Fresh,300,1044,1044,GF,50,70,0,0,0,Teric,E096404C,36,Li-Ion,4.09999990463257,4.09999990463257,1000,sw-pnf,17,12,False,False,0,0,0,1,0,0
210,Free Dive,2025-12-13 18:26:04,2025-12-13 18:26:57,53,10.9000005722046,5.30129814147949,,Beijing,HiDive,,29,29,29,Fresh,300,1043,1043,GF,50,70,0,0,0,Teric,E096404C,36,Li-Ion,4.09999990463257,4.09999990463257,1000,sw-pnf,17,12,False,False,0,0,0,1,0,0
211,Free Dive,2025-12-13 18:28:59,2025-12-13 18:30:12,73,11.8000001907349,8.62197399139404,,Beijing,HiDive,,29,29,29,Fresh,180,1043,1043,GF,50,70,0,0,0,Teric,E096404C,36,Li-Ion,4.09999990463257,4.09999990463257,1000,sw-pnf,17,12,False,False,0,0,0,1,0,0
212,Free Dive,2025-12-13 18:33:31,2025-12-13 18:34:23,52,9.90000057220459,4.29355525970459,,Beijing,HiDive,,29,29,29,Fresh,240,1043,1043,GF,50,70,0,0,0,Teric,E096404C,36,Li-Ion,4.09999990463257,4.09999990463257,1000,sw-pnf,17,12,False,False,0,0,0,1,0,0
213,Free Dive,2025-12-13 18:36:43,2025-12-13 18:37:26,43,5.30000019073486,2.76478862762451,,Beijing,HiDive,,29,29,29,Fresh,180,1043,1043,GF,50,70,0,0,0,Teric,E096404C,36,Li-Ion,4.09999990463257,4.09999990463257,1000,sw-pnf,17,12,False,False,0,0,0,1,0,0
214,Free Dive,2025-12-13 18:38:22,2025-12-13 18:38:57,35,5.30000019073486,2.51214265823364,,Beijing,HiDive,,29,29,29,Fresh,60,1043,1043,GF,50,70,0,0,0,Teric,E096404C,36,Li-Ion,4.09999990463257,4.09999990463257,1000,sw-pnf,17,12,False,False,0,0,0,1,0,0
215,Free Dive,2025-12-13 18:40:02,2025-12-13 18:40:49,47,6.59999990463257,3.48403382301331,,Beijing,HiDive,,29,29,29,Fresh,120,1043,1043,GF,50,70,0,0,0,Teric,E096404C,36,Li-Ion,4.09999990463257,4.09999990463257,1000,sw-pnf,17,12,False,False,0,0,0,1,0,0
216,Free Dive,2025-12-13 18:43:34,2025-12-13 18:44:31,57,7.59999990463257,4.14410829544067,,Beijing,HiDive,,29,29,29,Fresh,180,1044,1044,GF,50,70,0,0,0,Teric,E096404C,36,Li-Ion,4.09999990463257,4.09999990463257,1000,sw-pnf,17,12,False,False,0,0,0,1,0,0
217,Free Dive,2025-12-13 18:49:08,2025-12-13 18:49:56,48,11.1000003814697,5.16713285446167,,Beijing,HiDive,,29,29,29,Fresh,300,1044,1044,GF,50,70,0,0,0,Teric,E096404C,36,Li-Ion,4.09999990463257,4.09999990463257,1000,sw-pnf,17,12,False,False,0,0,0,1,0,0
218,Free Dive,2025-12-13 18:52:15,2025-12-13 18:52:56,41,6,3.16187500953674,,Beijing,HiDive,,29,29,29,Fresh,180,1044,1044,GF,50,70,0,0,0,Teric,E096404C,36,Li-Ion,4.09999990463257,4.09999990463257,1000,sw-pnf,17,12,False,False,0,0,0,1,0,0
219,Free Dive,2025-12-13 18:53:55,2025-12-13 18:54:37,42,10.6999998092651,4.48680400848389,,Beijing,HiDive,,29,29,29,Fresh,60,1044,1044,GF,50,70,0,0,0,Teric,E096404C,36,Li-Ion,4.09999990463257,4.09999990463257,1000,sw-pnf,17,12,False,False,0,0,0,1,0,0
220,Free Dive,2025-12-13 18:56:20,2025-12-13 18:57:17,57,10.6999998092651,6.00963687896729,,Beijing,HiDive,,29,29,29,Fresh,120,1044,1044,GF,50,70,0,0,0,Teric,E096404C,36,Li-Ion,4.09999990463257,4.09999990463257,1000,sw-pnf,17,12,False,False,0,0,0,1,0,0
221,Free Dive,2025-12-13 18:59:54,2025-12-13 19:00:37,43,11.4000005722046,4.91235971450806,,Beijing,HiDive,,29,29,29,Fresh,180,1044,1044,GF,50,70,0,0,0,Teric,E096404C,36,Li-Ion,4.09999990463257,4.09999990463257,1000,sw-pnf,17,12,False,False,0,0,0,1,0,0
222,Free Dive,2025-12-13 19:03:16,2025-12-13 19:04:11,55,9.80000019073486,4.20342111587524,,Beijing,HiDive,,29,29,29,Fresh,180,1044,1044,GF,50,70,0,0,0,Teric,E096404C,36,Li-Ion,4.09999990463257,4.09999990463257,1000,sw-pnf,17,12,False,False,0,0,0,1,0,0
223,Free Dive,2025-12-13 19:05:18,2025-12-13 19:05:46,28,4.59999990463257,2.05015635490417,,Beijing,HiDive,,29,29,29,Fresh,120,1047,1047,GF,50,70,0,0,0,Teric,E096404C,36,Li-Ion,4.09999990463257,4.09999990463257,1000,sw-pnf,17,12,False,False,0,0,0,1,0,0
224,Free Dive,2025-12-13 19:08:24,2025-12-13 19:09:25,61,11.5,6.3401255607605,,Beijing,HiDive,,29,29,29,Fresh,180,1043,1043,GF,50,70,0,0,0,Teric,E096404C,36,Li-Ion,4.09999990463257,4.09999990463257,1000,sw-pnf,17,12,False,False,0,0,0,1,0,0
225,Free Dive,2025-12-13 19:11:01,2025-12-13 19:12:00,59,11.1000003814697,5.88543462753296,,Beijing,HiDive,,29,29,29,Fresh,120,1043,1043,GF,50,70,0,0,0,Teric,E096404C,36,Li-Ion,4.09999990463257,4.09999990463257,1000,sw-pnf,17,12,False,False,0,0,0,1,0,0
226,Free Dive,2025-12-13 19:14:17,2025-12-13 19:15:11,54,11.1000003814697,5.71224594116211,,Beijing,HiDive,,29,29,29,Fresh,180,1043,1043,GF,50,70,0,0,0,Teric,E096404C,36,Li-Ion,4.09999990463257,4.09999990463257,1000,sw-pnf,17,12,False,False,0,0,0,1,0,0
227,Free Dive,2025-12-13 19:17:21,2025-12-13 19:18:01,40,11,5.15935802459717,,Beijing,HiDive,,29,29,29,Fresh,180,1043,1043,GF,50,70,0,0,0,Teric,E096404C,36,Li-Ion,4.09999990463257,4.09999990463257,1000,sw-pnf,17,12,False,False,0,0,0,1,0,0
228,Free Dive,2025-12-13 19:20:13,2025-12-13 19:20:56,43,10.6999998092651,5.31045055389404,,Beijing,HiDive,,29,29,29,Fresh,180,1043,1043,GF,50,70,0,0,0,Teric,E096404C,36,Li-Ion,4.09999990463257,4.09999990463257,1000,sw-pnf,17,12,False,False,0,0,0,1,0,0
229,Free Dive,2025-12-13 19:22:31,2025-12-13 19:22:40,9,1,0.479929119348526,,Beijing,HiDive,,29,29,29,Fresh,120,1043,1043,GF,50,70,0,0,0,Teric,E096404C,36,Li-Ion,4.09999990463257,4.09999990463257,1000,sw-pnf,17,12,False,False,0,0,0,1,0,0
230,Free Dive,2025-12-13 19:23:20,2025-12-13 19:24:09,49,10.9000005722046,4.92023277282715,,Beijing,HiDive,,29,29,29,Fresh,60,1043,1043,GF,50,70,0,0,0,Teric,E096404C,36,Li-Ion,4.09999990463257,4.09999990463257,1000,sw-pnf,17,12,False,False,0,0,0,1,0,0
231,Free Dive,2025-12-13 19:24:35,2025-12-13 19:25:11,36,11.6999998092651,5.69272708892822,,Beijing,HiDive,,29,29,29,Fresh,60,1043,1043,GF,50,70,0,0,0,Teric,E096404C,36,Li-Ion,4.09999990463257,4.09999990463257,1000,sw-pnf,17,12,False,False,0,0,0,1,0,0
232,Free Dive,2025-12-13 19:25:39,2025-12-13 19:26:21,42,10.8000001907349,5.16744041442871,,Beijing,HiDive,,29,29,29,Fresh,60,1043,1043,GF,50,70,0,0,0,Teric,E096404C,36,Li-Ion,4.09999990463257,4.09999990463257,1000,sw-pnf,17,12,False,False,0,0,0,1,0,0
233,Free Dive,2025-12-13 19:29:28,2025-12-13 19:30:08,40,11,5.0622673034668,,Beijing,HiDive,,29,29,29,Fresh,240,1043,1043,GF,50,70,0,0,0,Teric,E096404C,36,Li-Ion,4.09999990463257,4.09999990463257,1000,sw-pnf,17,12,False,False,0,0,0,1,0,0
234,Free Dive,2025-12-13 19:32:36,2025-12-13 19:32:44,8,1.20000004768372,0.526591420173645,,Beijing,HiDive,,29,29,29,Fresh,180,1043,1043,GF,50,70,0,0,0,Teric,E096404C,36,Li-Ion,4.09999990463257,4.09999990463257,1000,sw-pnf,17,12,False,False,0,0,0,1,0,0
235,Free Dive,2025-12-13 19:33:09,2025-12-13 19:33:53,44,10.9000005722046,4.76720714569092,,Beijing,HiDive,,29,29,29,Fresh,60,1043,1043,GF,50,70,0,0,0,Teric,E096404C,36,Li-Ion,4.09999990463257,4.09999990463257,1000,sw-pnf,17,12,False,False,0,0,0,1,0,0
236,Free Dive,2025-12-13 19:36:08,2025-12-13 19:36:55,47,10.4000005722046,4.25129556655884,,Beijing,HiDive,,29,29,29,Fresh,180,1043,1043,GF,50,70,0,0,0,Teric,E096404C,36,Li-Ion,4.09999990463257,4.09999990463257,1000,sw-pnf,17,12,False,False,0,0,0,1,0,0
237,Free Dive,2025-12-13 19:38:08,2025-12-13 19:39:05,57,11.3000001907349,6.17035722732544,,Beijing,HiDive,,29,29,29,Fresh,120,1043,1043,GF,50,70,0,0,0,Teric,E096404C,36,Li-Ion,4.09999990463257,4.09999990463257,1000,sw-pnf,17,12,False,False,0,0,0,1,0,0
238,Free Dive,2025-12-13 19:39:39,2025-12-13 19:40:18,39,7.09999990463257,3.45580840110779,,Beijing,HiDive,,29,29,29,Fresh,60,1043,1043,GF,50,70,0,0,0,Teric,E096404C,36,Li-Ion,4.09999990463257,4.09999990463257,1000,sw-pnf,17,12,False,False,0,0,0,1,0,0
239,Free Dive,2025-12-13 19:40:56,2025-12-13 19:41:49,53,9.40000057220459,3.77177834510803,,Beijing,HiDive,,29,29,29,Fresh,60,1043,1043,GF,50,70,0,0,0,Teric,E096404C,36,Li-Ion,4.09999990463257,4.09999990463257,1000,sw-pnf,17,12,False,False,0,0,0,1,0,0
240,Free Dive,2025-12-13 19:44:06,2025-12-13 19:45:06,60,11.6000003814697,5.51306819915771,,Beijing,HiDive,,29,29,29,Fresh,180,1042,1042,GF,50,70,0,0,0,Teric,E096404C,36,Li-Ion,4.09999990463257,4.09999990463257,1000,sw-pnf,17,12,False,False,0,0,0,1,0,0
241,Free Dive,2025-12-13 19:47:21,2025-12-13 19:48:07,46,10.9000005722046,4.76465034484863,,Beijing,HiDive,,29,29,29,Fresh,180,1042,1042,GF,50,70,0,0,0,Teric,E096404C,36,Li-Ion,4.09999990463257,4.09999990463257,1000,sw-pnf,17,12,False,False,0,0,0,1,0,0
242,Free Dive,2025-12-13 19:50:36,2025-12-13 19:51:22,46,11.9000005722046,6.15827703475952,,Beijing,HiDive,,29,29,29,Fresh,180,1042,1042,GF,50,70,0,0,0,Teric,E096404C,36,Li-Ion,4.09999990463257,4.09999990463257,1000,sw-pnf,17,12,False,False,0,0,0,1,0,0
243,Free Dive,2025-12-13 19:53:35,2025-12-13 19:54:18,43,11.1999998092651,5.08986663818359,,Beijing,HiDive,,29,29,29,Fresh,180,1042,1042,GF,50,70,0,0,0,Teric,E096404C,36,Li-Ion,4.09999990463257,4.09999990463257,1000,sw-pnf,17,12,False,False,0,0,0,1,0,0
244,Free Dive,2025-12-13 19:55:37,2025-12-13 19:56:20,43,11.1000003814697,5.59179878234863,,Beijing,HiDive,,29,29,29,Fresh,120,1042,1042,GF,50,70,0,0,0,Teric,E096404C,36,Li-Ion,4.09999990463257,4.09999990463257,1000,sw-pnf,17,12,False,False,0,0,0,1,0,0
245,Free Dive,2025-12-13 19:57:16,2025-12-13 19:58:01,45,10.6000003814697,4.15109634399414,,Beijing,HiDive,,29,29,29,Fresh,60,1042,1042,GF,50,70,0,0,0,Teric,E096404C,36,Li-Ion,4.09999990463257,4.09999990463257,1000,sw-pnf,17,12,False,False,0,0,0,1,0,0
246,Free Dive,2025-12-16 18:01:22,2025-12-16 18:02:10,48,11.9000005722046,4.50150918960571,Yiqu,Beijing,HiDive,,29,29,29,Fresh,252240,1031,1031,GF,50,70,0,0,0,Teric,E096404C,36,Li-Ion,4.20000028610229,4.20000028610229,1000,sw-pnf,17,12,False,False,0,0,0,1,0,0
247,Free Dive,2025-12-16 18:02:43,2025-12-16 18:03:38,55,10.6000003814697,3.95986771583557,Yiqu,Beijing,HiDive,,29,29,29,Fresh,60,1031,1031,GF,50,70,0,0,0,Teric,E096404C,36,Li-Ion,4.20000028610229,4.20000028610229,1000,sw-pnf,17,12,False,False,0,0,0,1,0,0
248,Free Dive,2025-12-16 18:05:48,2025-12-16 18:06:49,61,12,8.04025077819824,Yiqu,Beijing,HiDive,,29,29,29,Fresh,180,1031,1031,GF,50,70,0,0,0,Teric,E096404C,36,Li-Ion,4.20000028610229,4.20000028610229,1000,sw-pnf,17,12,False,False,0,0,0,1,0,0
249,Free Dive,2025-12-16 18:09:26,2025-12-16 18:10:10,44,4.59999990463257,2.23187518119812,Yiqu,Beijing,HiDive,,29,29,29,Fresh,180,1035,1035,GF,50,70,0,0,0,Teric,E096404C,36,Li-Ion,4.20000028610229,4.20000028610229,1000,sw-pnf,17,12,False,False,0,0,0,1,0,0
250,Free Dive,2025-12-16 18:11:05,2025-12-16 18:11:48,43,10.1000003814697,4.4272837638855,Yiqu,Beijing,HiDive,,29,29,29,Fresh,60,1037,1037,GF,50,70,0,0,0,Teric,E096404C,36,Li-Ion,4.20000028610229,4.20000028610229,1000,sw-pnf,17,12,False,False,0,0,0,1,0,0
251,Free Dive,2025-12-16 18:13:57,2025-12-16 18:14:49,52,11,5.95405149459839,Yiqu,Beijing,HiDive,,29,29,29,Fresh,180,1042,1042,GF,50,70,0,0,0,Teric,E096404C,36,Li-Ion,4.20000028610229,4.20000028610229,1000,sw-pnf,17,12,False,False,0,0,0,1,0,0
252,Free Dive,2025-12-16 18:17:01,2025-12-16 18:18:05,64,11,5.65834903717041,Yiqu,Beijing,HiDive,,29,29,29,Fresh,180,1042,1042,GF,50,70,0,0,0,Teric,E096404C,36,Li-Ion,4.20000028610229,4.20000028610229,1000,sw-pnf,17,12,False,False,0,0,0,1,0,0
253,Free Dive,2025-12-16 18:20:29,2025-12-16 18:21:15,46,8.60000038146973,5.19409227371216,Yiqu,Beijing,HiDive,,29,29,29,Fresh,180,1043,1043,GF,50,70,0,0,0,Teric,E096404C,36,Li-Ion,4.20000028610229,4.20000028610229,1000,sw-pnf,17,12,False,False,0,0,0,1,0,0
254,Free Dive,2025-12-16 18:23:39,2025-12-16 18:24:33,54,7.59999990463257,4.63325452804565,Yiqu,Beijing,HiDive,,29,29,29,Fresh,180,1043,1043,GF,50,70,0,0,0,Teric,E096404C,36,Li-Ion,4.20000028610229,4.20000028610229,1000,sw-pnf,17,12,False,False,0,0,0,1,0,0
255,Free Dive,2025-12-16 18:26:56,2025-12-16 18:27:39,43,6.30000019073486,3.17370104789734,Yiqu,Beijing,HiDive,,29,29,29,Fresh,180,1043,1043,GF,50,70,0,0,0,Teric,E096404C,36,Li-Ion,4.20000028610229,4.20000028610229,1000,sw-pnf,17,12,False,False,0,0,0,1,0,0
256,Free Dive,2025-12-16 18:30:19,2025-12-16 18:31:07,48,9.60000038146973,5.26910066604614,Yiqu,Beijing,HiDive,,29,29,29,Fresh,180,1043,1043,GF,50,70,0,0,0,Teric,E096404C,36,Li-Ion,4.20000028610229,4.20000028610229,1000,sw-pnf,17,12,False,False,0,0,0,1,0,0
257,Free Dive,2025-12-16 18:33:11,2025-12-16 18:34:09,58,11.5,6.63253927230835,Yiqu,Beijing,HiDive,,29,29,29,Fresh,180,1043,1043,GF,50,70,0,0,0,Teric,E096404C,36,Li-Ion,4.20000028610229,4.20000028610229,1000,sw-pnf,17,12,False,False,0,0,0,1,0,0
258,Free Dive,2025-12-16 18:34:37,2025-12-16 18:35:06,29,1.10000002384186,0.507509768009186,Yiqu,Beijing,HiDive,,29,29,29,Fresh,60,1043,1043,GF,50,70,0,0,0,Teric,E096404C,36,Li-Ion,4.20000028610229,4.20000028610229,1000,sw-pnf,17,12,False,False,0,0,0,1,0,0
259,Free Dive,2025-12-16 18:38:05,2025-12-16 18:38:57,52,11,5.92451524734497,Yiqu,Beijing,HiDive,,29,29,29,Fresh,180,1043,1043,GF,50,70,0,0,0,Teric,E096404C,36,Li-Ion,4.20000028610229,4.20000028610229,1000,sw-pnf,17,12,False,False,0,0,0,1,0,0
260,Free Dive,2025-12-16 18:44:05,2025-12-16 18:44:59,54,11.3000001907349,4.89004421234131,Yiqu,Beijing,HiDive,,29,29,29,Fresh,360,1043,1043,GF,50,70,0,0,0,Teric,E096404C,36,Li-Ion,4.20000028610229,4.20000028610229,1000,sw-pnf,17,12,False,False,0,0,0,1,0,0
261,Free Dive,2025-12-16 18:47:11,2025-12-16 18:48:19,68,11.4000005722046,6.10981130599976,Yiqu,Beijing,HiDive,,29,29,29,Fresh,180,1043,1043,GF,50,70,0,0,0,Teric,E096404C,36,Li-Ion,4.20000028610229,4.20000028610229,1000,sw-pnf,17,12,False,False,0,0,0,1,0,0
262,Free Dive,2025-12-16 18:50:35,2025-12-16 18:51:40,65,11.6000003814697,7.22479009628296,Yiqu,Beijing,HiDive,,29,29,29,Fresh,180,1043,1043,GF,50,70,0,0,0,Teric,E096404C,36,Li-Ion,4.20000028610229,4.20000028610229,1000,sw-pnf,17,12,False,False,0,0,0,1,0,0
263,Free Dive,2025-12-16 18:53:03,2025-12-16 18:53:16,13,2.10000014305115,0.913418769836426,Yiqu,Beijing,HiDive,,29,29,29,Fresh,120,1043,1043,GF,50,70,0,0,0,Teric,E096404C,36,Li-Ion,4.20000028610229,4.20000028610229,1000,sw-pnf,17,12,False,False,0,0,0,1,0,0
264,Free Dive,2025-12-16 18:54:56,2025-12-16 18:55:31,35,5.59999990463257,2.89166235923767,Yiqu,Beijing,HiDive,,29,29,29,Fresh,120,1043,1043,GF,50,70,0,0,0,Teric,E096404C,36,Li-Ion,4.20000028610229,4.20000028610229,1000,sw-pnf,17,12,False,False,0,0,0,1,0,0
265,Free Dive,2025-12-16 18:57:49,2025-12-16 18:58:50,61,11,7.13760662078857,Yiqu,Beijing,HiDive,,29,29,29,Fresh,180,1043,1043,GF,50,70,0,0,0,Teric,E096404C,36,Li-Ion,4.20000028610229,4.20000028610229,1000,sw-pnf,17,12,False,False,0,0,0,1,0,0
266,Free Dive,2025-12-16 19:02:12,2025-12-16 19:02:56,44,10.6999998092651,6.12276887893677,Yiqu,Beijing,HiDive,,29,29,29,Fresh,240,1043,1043,GF,50,70,0,0,0,Teric,E096404C,36,Li-Ion,4.20000028610229,4.20000028610229,1000,sw-pnf,17,12,False,False,0,0,0,1,0,0
267,Free Dive,2025-12-16 19:04:32,2025-12-16 19:05:16,44,11.9000005722046,4.49209785461426,Yiqu,Beijing,HiDive,,29,29,29,Fresh,120,1043,1043,GF,50,70,0,0,0,Teric,E096404C,36,Li-Ion,4.20000028610229,4.20000028610229,1000,sw-pnf,17,12,False,False,0,0,0,1,0,0
268,Free Dive,2025-12-16 19:08:58,2025-12-16 19:09:25,27,2.90000009536743,1.62159955501556,Yiqu,Beijing,HiDive,,29,29,29,Fresh,240,1042,1042,GF,50,70,0,0,0,Teric,E096404C,36,Li-Ion,4.20000028610229,4.20000028610229,1000,sw-pnf,17,12,False,False,0,0,0,1,0,0
269,Free Dive,2025-12-16 19:09:57,2025-12-16 19:10:17,20,3.60000014305115,1.48284995555878,Yiqu,Beijing,HiDive,,29,29,29,Fresh,60,1042,1042,GF,50,70,0,0,0,Teric,E096404C,36,Li-Ion,4.20000028610229,4.20000028610229,1000,sw-pnf,17,12,False,False,0,0,0,1,0,0
270,Free Dive,2025-12-16 19:10:45,2025-12-16 19:11:08,23,1.39999997615814,1.04921591281891,Yiqu,Beijing,HiDive,,29,29,29,Fresh,60,1042,1042,GF,50,70,0,0,0,Teric,E096404C,36,Li-Ion,4.20000028610229,4.20000028610229,1000,sw-pnf,17,12,False,False,0,0,0,1,0,0
271,Free Dive,2025-12-16 19:11:53,2025-12-16 19:12:20,27,2,1.43898451328278,Yiqu,Beijing,HiDive,,29,29,29,Fresh,60,1042,1042,GF,50,70,0,0,0,Teric,E096404C,36,Li-Ion,4.20000028610229,4.20000028610229,1000,sw-pnf,17,12,False,False,0,0,0,1,0,0
272,Free Dive,2025-12-16 19:13:49,2025-12-16 19:14:28,39,10.3000001907349,5.00368165969849,Yiqu,Beijing,HiDive,,29,29,29,Fresh,120,1042,1042,GF,50,70,0,0,0,Teric,E096404C,36,Li-Ion,4.20000028610229,4.20000028610229,1000,sw-pnf,17,12,False,False,0,0,0,1,0,0
273,Free Dive,2025-12-16 19:16:12,2025-12-16 19:17:00,48,2.20000004768372,1.65735685825348,Yiqu,Beijing,HiDive,,29,29,29,Fresh,120,1042,1042,GF,50,70,0,0,0,Teric,E096404C,36,Li-Ion,4.20000028610229,4.20000028610229,1000,sw-pnf,17,12,False,False,0,0,0,1,0,0
274,Free Dive,2025-12-16 19:18:00,2025-12-16 19:18:55,55,11.9000005722046,5.77222299575806,Yiqu,Beijing,HiDive,,29,29,29,Fresh,60,1042,1042,GF,50,70,0,0,0,Teric,E096404C,36,Li-Ion,4.20000028610229,4.20000028610229,1000,sw-pnf,17,12,False,False,0,0,0,1,0,0
275,Free Dive,2025-12-16 19:19:37,2025-12-16 19:20:18,41,2.10000014305115,1.56184530258179,Yiqu,Beijing,HiDive,,29,29,29,Fresh,60,1042,1042,GF,50,70,0,0,0,Teric,E096404C,36,Li-Ion,4.20000028610229,4.20000028610229,1000,sw-pnf,17,12,False,False,0,0,0,1,0,0
276,Free Dive,2025-12-16 19:22:10,2025-12-16 19:22:46,36,6.70000028610229,3.6142795085907,Yiqu,Beijing,HiDive,,29,29,29,Fresh,120,1043,1043,GF,50,70,0,0,0,Teric,E096404C,36,Li-Ion,4.20000028610229,4.20000028610229,1000,sw-pnf,17,12,False,False,0,0,0,1,0,0
277,Free Dive,2025-12-16 19:25:33,2025-12-16 19:26:36,63,11.6999998092651,6.37462425231934,Yiqu,Beijing,HiDive,,29,29,29,Fresh,180,1043,1043,GF,50,70,0,0,0,Teric,E096404C,36,Li-Ion,4.20000028610229,4.20000028610229,1000,sw-pnf,17,12,False,False,0,0,0,1,0,0
278,Free Dive,2025-12-16 19:27:35,2025-12-16 19:28:20,45,2,1.5607100725174,Yiqu,Beijing,HiDive,,29,29,29,Fresh,60,1043,1043,GF,50,70,0,0,0,Teric,E096404C,36,Li-Ion,4.20000028610229,4.20000028610229,1000,sw-pnf,17,12,False,False,0,0,0,1,0,0
279,Free Dive,2025-12-16 19:28:45,2025-12-16 19:29:50,65,9.5,4.53484678268433,Yiqu,Beijing,HiDive,,29,29,29,Fresh,60,1043,1043,GF,50,70,0,0,0,Teric,E096404C,36,Li-Ion,4.20000028610229,4.20000028610229,1000,sw-pnf,17,12,False,False,0,0,0,1,0,0
280,Free Dive,2025-12-16 19:35:57,2025-12-16 19:37:09,72,11.8000001907349,6.94859504699707,Yiqu,Beijing,HiDive,,29,29,29,Fresh,420,1042,1042,GF,50,70,0,0,0,Teric,E096404C,36,Li-Ion,4.20000028610229,4.20000028610229,1000,sw-pnf,17,12,False,False,0,0,0,1,0,0
281,Free Dive,2025-12-16 19:38:35,2025-12-16 19:39:02,27,2.5,1.15718221664429,Yiqu,Beijing,HiDive,,29,29,29,Fresh,120,1042,1042,GF,50,70,0,0,0,Teric,E096404C,36,Li-Ion,4.20000028610229,4.20000028610229,1000,sw-pnf,17,12,False,False,0,0,0,1,0,0
282,Free Dive,2025-12-16 19:39:53,2025-12-16 19:40:11,18,1.89999997615814,0.954675197601318,Yiqu,Beijing,HiDive,,29,29,29,Fresh,60,1042,1042,GF,50,70,0,0,0,Teric,E096404C,36,Li-Ion,4.20000028610229,4.20000028610229,1000,sw-pnf,17,12,False,False,0,0,0,1,0,0
283,Free Dive,2025-12-16 19:40:58,2025-12-16 19:41:43,45,7.20000028610229,3.74982261657715,Yiqu,Beijing,HiDive,,29,29,29,Fresh,60,1042,1042,GF,50,70,0,0,0,Teric,E096404C,36,Li-Ion,4.20000028610229,4.20000028610229,1000,sw-pnf,17,12,False,False,0,0,0,1,0,0
284,Free Dive,2025-12-16 19:43:45,2025-12-16 19:44:30,45,11.1000003814697,5.01682472229004,Yiqu,Beijing,HiDive,,29,29,29,Fresh,180,1042,1042,GF,50,70,0,0,0,Teric,E096404C,36,Li-Ion,4.20000028610229,4.20000028610229,1000,sw-pnf,17,12,False,False,0,0,0,1,0,0
285,Free Dive,2025-12-16 19:49:16,2025-12-16 19:49:57,41,10.5,5.1795392036438,Yiqu,Beijing,HiDive,,29,29,29,Fresh,300,1042,1042,GF,50,70,0,0,0,Teric,E096404C,36,Li-Ion,4.20000028610229,4.20000028610229,1000,sw-pnf,17,12,False,False,0,0,0,1,0,0
286,Free Dive,2025-12-16 19:52:33,2025-12-16 19:53:24,51,11.4000005722046,4.68927478790283,Yiqu,Beijing,HiDive,,29,29,29,Fresh,180,1042,1042,GF,50,70,0,0,0,Teric,E096404C,36,Li-Ion,4.20000028610229,4.20000028610229,1000,sw-pnf,17,12,False,False,0,0,0,1,0,0
287,Free Dive,2025-12-16 19:54:24,2025-12-16 19:55:00,36,1.30000007152557,0.445502489805222,Yiqu,Beijing,HiDive,,29,29,29,Fresh,60,1043,1043,GF,50,70,0,0,0,Teric,E096404C,36,Li-Ion,4.20000028610229,4.20000028610229,1000,sw-pnf,17,12,False,False,0,0,0,1,0,0
288,Free Dive,2025-12-16 19:55:16,2025-12-16 19:55:59,43,6.59999990463257,2.39062881469727,Yiqu,Beijing,HiDive,,29,29,29,Fresh,60,1043,1043,GF,50,70,0,0,0,Teric,E096404C,36,Li-Ion,4.20000028610229,4.20000028610229,1000,sw-pnf,17,12,False,False,0,0,0,1,0,0
289,Free Dive,2025-12-16 19:57:30,2025-12-16 19:58:09,39,11.4000005722046,5.20172643661499,Yiqu,Beijing,HiDive,,29,29,29,Fresh,120,1043,1043,GF,50,70,0,0,0,Teric,E096404C,36,Li-Ion,4.20000028610229,4.20000028610229,1000,sw-pnf,17,12,False,False,0,0,0,1,0,0
290,Free Dive,2025-12-16 19:58:51,2025-12-16 19:59:28,37,11.8000001907349,6.02203941345215,Yiqu,Beijing,HiDive,,29,29,29,Fresh,60,1043,1043,GF,50,70,0,0,0,Teric,E096404C,36,Li-Ion,4.20000028610229,4.20000028610229,1000,sw-pnf,17,12,False,False,0,0,0,1,0,0
291,Free Dive,2025-12-21 15:18:54,2025-12-21 15:19:03,9,0.900000035762787,0.527513742446899,Yiqu,Beijing,HiDive,AIDA3,30,30,30,Fresh,415200,1045,1045,GF,50,70,0,0,0,Teric,E096404C,36,Li-Ion,4.30000019073486,4.30000019073486,1000,sw-pnf,17,12,False,False,0,0,0,1,0,0
292,Free Dive,2025-12-21 15:25:46,2025-12-21 15:26:01,15,1,0.560823917388916,Yiqu,Beijing,HiDive,AIDA3,30,30,30,Fresh,420,1045,1045,GF,50,70,0,0,0,Teric,E096404C,36,Li-Ion,4.30000019073486,4.30000019073486,1000,sw-pnf,17,12,False,False,0,0,0,1,0,0
293,Free Dive,2025-12-21 15:38:47,2025-12-21 15:38:59,12,0.800000011920929,0.488879948854446,Yiqu,Beijing,HiDive,AIDA3,30,30,30,Fresh,780,1045,1045,GF,50,70,0,0,0,Teric,E096404C,36,Li-Ion,4.30000019073486,4.30000019073486,1000,sw-pnf,17,12,False,False,0,0,0,1,0,0
294,Free Dive,2025-12-21 15:45:22,2025-12-21 15:45:35,13,1.10000002384186,0.647227823734283,Yiqu,Beijing,HiDive,AIDA3,30,30,30,Fresh,420,1045,1045,GF,50,70,0,0,0,Teric,E096404C,36,Li-Ion,4.30000019073486,4.30000019073486,1000,sw-pnf,17,12,False,False,0,0,0,1,0,0
295,Free Dive,2025-12-21 15:54:44,2025-12-21 15:55:32,48,1.10000002384186,0.742478013038635,Yiqu,Beijing,HiDive,AIDA3,30,30,30,Fresh,600,1045,1045,GF,50,70,0,0,0,Teric,E096404C,36,Li-Ion,4.30000019073486,4.30000019073486,1000,sw-pnf,17,12,False,False,0,0,0,1,0,0
296,Free Dive,2025-12-21 16:04:20,2025-12-21 16:04:31,11,1.10000002384186,0.560223937034607,Yiqu,Beijing,HiDive,AIDA3,30,30,30,Fresh,540,1044,1044,GF,50,70,0,0,0,Teric,E096404C,36,Li-Ion,4.30000019073486,4.30000019073486,1000,sw-pnf,17,12,False,False,0,0,0,1,0,0
297,Free Dive,2025-12-21 16:14:11,2025-12-21 16:14:25,14,1,0.651065289974213,Yiqu,Beijing,HiDive,AIDA3,30,30,30,Fresh,600,1045,1045,GF,50,70,0,0,0,Teric,E096404C,36,Li-Ion,4.30000019073486,4.30000019073486,1000,sw-pnf,17,12,False,False,0,0,0,1,0,0
298,Free Dive,2025-12-21 16:15:22,2025-12-21 16:15:39,17,0.900000035762787,0.627767741680145,Yiqu,Beijing,HiDive,AIDA3,30,30,30,Fresh,60,1045,1045,GF,50,70,0,0,0,Teric,E096404C,36,Li-Ion,4.30000019073486,4.30000019073486,1000,sw-pnf,17,12,False,False,0,0,0,1,0,0
299,Free Dive,2025-12-21 16:17:42,2025-12-21 16:17:59,17,0.900000035762787,0.649491965770721,Yiqu,Beijing,HiDive,AIDA3,30,30,30,Fresh,180,1045,1045,GF,50,70,0,0,0,Teric,E096404C,36,Li-Ion,4.30000019073486,4.30000019073486,1000,sw-pnf,17,12,False,False,0,0,0,1,0,0
300,Free Dive,2025-12-21 16:18:45,2025-12-21 16:18:58,13,0.900000035762787,0.612880825996399,Yiqu,Beijing,HiDive,AIDA3,30,30,30,Fresh,60,1045,1045,GF,50,70,0,0,0,Teric,E096404C,36,Li-Ion,4.30000019073486,4.30000019073486,1000,sw-pnf,17,12,False,False,0,0,0,1,0,0
301,Free Dive,2025-12-21 16:19:39,2025-12-21 16:19:56,17,1,0.61712783575058,Yiqu,Beijing,HiDive,AIDA3,30,30,30,Fresh,60,1045,1045,GF,50,70,0,0,0,Teric,E096404C,36,Li-Ion,4.30000019073486,4.30000019073486,1000,sw-pnf,17,12,False,False,0,0,0,1,0,0
302,Free Dive,2025-12-21 16:22:28,2025-12-21 16:22:46,18,1,0.627953231334686,Yiqu,Beijing,HiDive,AIDA3,30,30,30,Fresh,180,1045,1045,GF,50,70,0,0,0,Teric,E096404C,36,Li-Ion,4.30000019073486,4.30000019073486,1000,sw-pnf,17,12,False,False,0,0,0,1,0,0
303,Free Dive,2025-12-21 16:23:17,2025-12-21 16:23:34,17,0.900000035762787,0.596291124820709,Yiqu,Beijing,HiDive,AIDA3,30,30,30,Fresh,60,1045,1045,GF,50,70,0,0,0,Teric,E096404C,36,Li-Ion,4.30000019073486,4.30000019073486,1000,sw-pnf,17,12,False,False,0,0,0,1,0,0
304,Free Dive,2025-12-21 16:24:08,2025-12-21 16:24:25,17,0.900000035762787,0.641067683696747,Yiqu,Beijing,HiDive,AIDA3,30,30,30,Fresh,60,1045,1045,GF,50,70,0,0,0,Teric,E096404C,36,Li-Ion,4.30000019073486,4.30000019073486,1000,sw-pnf,17,12,False,False,0,0,0,1,0,0
305,Free Dive,2025-12-21 16:24:56,2025-12-21 16:25:15,19,1,0.602019369602203,Yiqu,Beijing,HiDive,AIDA3,30,30,30,Fresh,60,1045,1045,GF,50,70,0,0,0,Teric,E096404C,36,Li-Ion,4.30000019073486,4.30000019073486,1000,sw-pnf,17,12,False,False,0,0,0,1,0,0
306,Free Dive,2025-12-21 16:25:39,2025-12-21 16:25:57,18,1,0.639849066734314,Yiqu,Beijing,HiDive,AIDA3,30,30,30,Fresh,60,1045,1045,GF,50,70,0,0,0,Teric,E096404C,36,Li-Ion,4.30000019073486,4.30000019073486,1000,sw-pnf,17,12,False,False,0,0,0,1,0,0
307,Free Dive,2025-12-21 16:26:19,2025-12-21 16:26:39,20,1,0.611807882785797,Yiqu,Beijing,HiDive,AIDA3,30,30,30,Fresh,60,1045,1045,GF,50,70,0,0,0,Teric,E096404C,36,Li-Ion,4.30000019073486,4.30000019073486,1000,sw-pnf,17,12,False,False,0,0,0,1,0,0
308,Free Dive,2025-12-21 16:27:02,2025-12-21 16:27:20,18,1,0.641548156738281,Yiqu,Beijing,HiDive,AIDA3,30,30,30,Fresh,60,1045,1045,GF,50,70,0,0,0,Teric,E096404C,36,Li-Ion,4.30000019073486,4.30000019073486,1000,sw-pnf,17,12,False,False,0,0,0,1,0,0
309,Free Dive,2025-12-21 16:27:45,2025-12-21 16:28:03,18,1,0.642822742462158,Yiqu,Beijing,HiDive,AIDA3,30,30,30,Fresh,60,1045,1045,GF,50,70,0,0,0,Teric,E096404C,36,Li-Ion,4.30000019073486,4.30000019073486,1000,sw-pnf,17,12,False,False,0,0,0,1,0,0
310,Free Dive,2025-12-21 16:28:23,2025-12-21 16:28:39,16,0.900000035762787,0.599293410778046,Yiqu,Beijing,HiDive,AIDA3,30,30,30,Fresh,60,1045,1045,GF,50,70,0,0,0,Teric,E096404C,36,Li-Ion,4.30000019073486,4.30000019073486,1000,sw-pnf,17,12,False,False,0,0,0,1,0,0
311,Free Dive,2025-12-21 16:29:01,2025-12-21 16:29:16,15,1,0.666676640510559,Yiqu,Beijing,HiDive,AIDA3,30,30,30,Fresh,60,1045,1045,GF,50,70,0,0,0,Teric,E096404C,36,Li-Ion,4.30000019073486,4.30000019073486,1000,sw-pnf,17,12,False,False,0,0,0,1,0,0
312,Free Dive,2025-12-21 16:29:44,2025-12-21 16:29:54,10,0.900000035762787,0.600336492061615,Yiqu,Beijing,HiDive,AIDA3,30,30,30,Fresh,60,1045,1045,GF,50,70,0,0,0,Teric,E096404C,36,Li-Ion,4.30000019073486,4.30000019073486,1000,sw-pnf,17,12,False,False,0,0,0,1,0,0
313,Free Dive,2025-12-21 16:30:17,2025-12-21 16:30:33,16,0.900000035762787,0.510767221450806,Yiqu,Beijing,HiDive,AIDA3,30,30,30,Fresh,60,1045,1045,GF,50,70,0,0,0,Teric,E096404C,36,Li-Ion,4.30000019073486,4.30000019073486,1000,sw-pnf,17,12,False,False,0,0,0,1,0,0
314,Free Dive,2025-12-21 16:46:37,2025-12-21 16:47:34,57,11.8000001907349,5.96658325195313,Yiqu,Beijing,HiDive,AIDA3,30,30,30,Fresh,1020,1044,1044,GF,50,70,0,0,0,Teric,E096404C,36,Li-Ion,4.30000019073486,4.30000019073486,1000,sw-pnf,17,12,False,False,0,0,0,1,0,0
315,Free Dive,2025-12-21 16:48:55,2025-12-21 16:49:32,37,11.8000001907349,5.40121984481812,Yiqu,Beijing,HiDive,AIDA3,30,30,30,Fresh,120,1044,1044,GF,50,70,0,0,0,Teric,E096404C,36,Li-Ion,4.30000019073486,4.30000019073486,1000,sw-pnf,17,12,False,False,0,0,0,1,0,0
316,Free Dive,2025-12-21 16:51:04,2025-12-21 16:51:39,35,2.29999995231628,1.02017772197723,Yiqu,Beijing,HiDive,AIDA3,30,30,30,Fresh,120,1044,1044,GF,50,70,0,0,0,Teric,E096404C,36,Li-Ion,4.30000019073486,4.20000028610229,1000,sw-pnf,17,12,False,False,0,0,0,1,0,0
317,Free Dive,2025-12-21 16:51:55,2025-12-21 16:52:04,9,1,0.607049286365509,Yiqu,Beijing,HiDive,AIDA3,30,30,30,Fresh,60,1044,1044,GF,50,70,0,0,0,Teric,E096404C,36,Li-Ion,4.30000019073486,4.30000019073486,1000,sw-pnf,17,12,False,False,0,0,0,1,0,0
318,Free Dive,2025-12-21 16:52:28,2025-12-21 16:53:00,32,1.10000002384186,0.745439231395721,Yiqu,Beijing,HiDive,AIDA3,30,30,30,Fresh,60,1044,1044,GF,50,70,0,0,0,Teric,E096404C,36,Li-Ion,4.20000028610229,4.30000019073486,1000,sw-pnf,17,12,False,False,0,0,0,1,0,0
319,Free Dive,2025-12-25 18:02:26,2025-12-25 18:02:35,9,0.900000035762787,0.549947500228882,Yiqu,Beijing,HiDive,,30,30,30,Fresh,114180,1035,1035,GF,50,70,0,0,0,Teric,E096404C,36,Li-Ion,4,4,1000,sw-pnf,17,12,False,False,0,0,0,1,0,0
320,Free Dive,2025-12-25 18:03:43,2025-12-25 18:04:02,19,0.900000035762787,0.498419523239136,Yiqu,Beijing,HiDive,,30,30,30,Fresh,120,1035,1035,GF,50,70,0,0,0,Teric,E096404C,36,Li-Ion,4,4,1000,sw-pnf,17,12,False,False,0,0,0,1,0,0
321,Free Dive,2025-12-25 18:08:45,2025-12-25 18:09:17,32,10.1999998092651,5.12389087677002,Yiqu,Beijing,HiDive,,30,30,30,Fresh,300,1035,1035,GF,50,70,0,0,0,Teric,E096404C,36,Li-Ion,4,4,1000,sw-pnf,17,12,False,False,0,0,0,1,0,0
322,Free Dive,2025-12-25 18:10:37,2025-12-25 18:10:49,12,1.5,0.761926829814911,Yiqu,Beijing,HiDive,,30,30,30,Fresh,120,1036,1036,GF,50,70,0,0,0,Teric,E096404C,36,Li-Ion,4,4,1000,sw-pnf,17,12,False,False,0,0,0,1,0,0
323,Free Dive,2025-12-25 18:13:08,2025-12-25 18:13:59,51,11.9000005722046,6.40734577178955,Yiqu,Beijing,HiDive,,30,30,30,Fresh,180,1042,1042,GF,50,70,0,0,0,Teric,E096404C,36,Li-Ion,4,4,1000,sw-pnf,17,12,False,False,0,0,0,1,0,0
324,Free Dive,2025-12-25 18:16:28,2025-12-25 18:17:40,72,11.6000003814697,7.26534938812256,Yiqu,Beijing,HiDive,,30,30,30,Fresh,180,1045,1045,GF,50,70,0,0,0,Teric,E096404C,36,Li-Ion,4,4,1000,sw-pnf,17,12,False,False,0,0,0,1,0,0
325,Free Dive,2025-12-25 18:20:11,2025-12-25 18:21:35,84,11.9000005722046,8.60530471801758,Yiqu,Beijing,HiDive,,30,30,30,Fresh,180,1045,1045,GF,50,70,0,0,0,Teric,E096404C,36,Li-Ion,4,4,1000,sw-pnf,17,12,False,False,0,0,0,1,0,0
326,Free Dive,2025-12-25 18:29:00,2025-12-25 18:30:01,61,11.9000005722046,5.72694826126099,Yiqu,Beijing,HiDive,,30,30,30,Fresh,480,1045,1045,GF,50,70,0,0,0,Teric,E096404C,36,Li-Ion,4,4,1000,sw-pnf,17,12,False,False,0,0,0,1,0,0
327,Free Dive,2025-12-25 18:33:54,2025-12-25 18:35:02,68,11.8000001907349,7.70450735092163,Yiqu,Beijing,HiDive,,30,30,30,Fresh,240,1046,1046,GF,50,70,0,0,0,Teric,E096404C,36,Li-Ion,4,4,1000,sw-pnf,17,12,False,False,0,0,0,1,0,0
328,Free Dive,2025-12-25 18:36:38,2025-12-25 18:37:05,27,5.20000028610229,2.23742413520813,Yiqu,Beijing,HiDive,,30,30,30,Fresh,120,1046,1046,GF,50,70,0,0,0,Teric,E096404C,36,Li-Ion,4,4,1000,sw-pnf,17,12,False,False,0,0,0,1,0,0
329,Free Dive,2025-12-25 18:38:51,2025-12-25 18:39:13,22,0.800000011920929,0.434456795454025,Yiqu,Beijing,HiDive,,30,30,30,Fresh,120,1046,1046,GF,50,70,0,0,0,Teric,E096404C,36,Li-Ion,4,4,1000,sw-pnf,17,12,False,False,0,0,0,1,0,0
330,Free Dive,2025-12-25 18:40:02,2025-12-25 18:41:05,63,11.6999998092651,7.29277944564819,Yiqu,Beijing,HiDive,,30,30,30,Fresh,60,1046,1046,GF,50,70,0,0,0,Teric,E096404C,36,Li-Ion,4,4,1000,sw-pnf,17,12,False,False,0,0,0,1,0,0
331,Free Dive,2025-12-25 18:44:49,2025-12-25 18:45:03,14,2.10000014305115,0.791781604290009,Yiqu,Beijing,HiDive,,30,30,30,Fresh,240,1045,1045,GF,50,70,0,0,0,Teric,E096404C,36,Li-Ion,4,4,1000,sw-pnf,17,12,False,False,0,0,0,1,0,0
332,Free Dive,2025-12-25 18:45:41,2025-12-25 18:46:23,42,9.80000019073486,4.61128902435303,Yiqu,Beijing,HiDive,,30,30,30,Fresh,60,1045,1045,GF,50,70,0,0,0,Teric,E096404C,36,Li-Ion,4,4,1000,sw-pnf,17,12,False,False,0,0,0,1,0,0
333,Free Dive,2025-12-25 18:48:18,2025-12-25 18:49:04,46,10.6000003814697,5.25331163406372,Yiqu,Beijing,HiDive,,30,30,30,Fresh,120,1045,1045,GF,50,70,0,0,0,Teric,E096404C,36,Li-Ion,4,4,1000,sw-pnf,17,12,False,False,0,0,0,1,0,0
334,Free Dive,2025-12-25 18:50:50,2025-12-25 18:51:31,41,7.70000028610229,4.49071359634399,Yiqu,Beijing,HiDive,,30,30,30,Fresh,120,1045,1045,GF,50,70,0,0,0,Teric,E096404C,36,Li-Ion,4,4,1000,sw-pnf,17,12,False,False,0,0,0,1,0,0
335,Free Dive,2025-12-25 18:53:01,2025-12-25 18:53:49,48,11.1000003814697,5.32933807373047,Yiqu,Beijing,HiDive,,30,30,30,Fresh,120,1045,1045,GF,50,70,0,0,0,Teric,E096404C,36,Li-Ion,4,4,1000,sw-pnf,17,12,False,False,0,0,0,1,0,0
336,Free Dive,2025-12-25 18:55:10,2025-12-25 18:55:49,39,6.30000019073486,3.0449903011322,Yiqu,Beijing,HiDive,,30,30,30,Fresh,120,1045,1045,GF,50,70,0,0,0,Teric,E096404C,36,Li-Ion,4,4,1000,sw-pnf,17,12,False,False,0,0,0,1,0,0
337,Free Dive,2025-12-25 19:01:20,2025-12-25 19:02:47,87,11.6999998092651,8.42069149017334,Yiqu,Beijing,HiDive,,30,30,30,Fresh,360,1045,1045,GF,50,70,0,0,0,Teric,E096404C,36,Li-Ion,4,4,1000,sw-pnf,17,12,False,False,0,0,0,1,0,0
338,Free Dive,2025-12-25 19:04:56,2025-12-25 19:05:45,49,11.5,6.75213384628296,Yiqu,Beijing,HiDive,,30,30,30,Fresh,180,1044,1044,GF,50,70,0,0,0,Teric,E096404C,36,Li-Ion,4,4,1000,sw-pnf,17,12,False,False,0,0,0,1,0,0
339,Free Dive,2025-12-25 19:07:37,2025-12-25 19:07:51,14,2,0.965127170085907,Yiqu,Beijing,HiDive,,30,30,30,Fresh,120,1044,1044,GF,50,70,0,0,0,Teric,E096404C,36,Li-Ion,4,4,1000,sw-pnf,17,12,False,False,0,0,0,1,0,0
340,Free Dive,2025-12-25 19:09:29,2025-12-25 19:10:07,38,5,2.4226667881012,Yiqu,Beijing,HiDive,,30,30,30,Fresh,120,1044,1044,GF,50,70,0,0,0,Teric,E096404C,36,Li-Ion,4,4,1000,sw-pnf,17,12,False,False,0,0,0,1,0,0
341,Free Dive,2025-12-25 19:11:35,2025-12-25 19:12:47,72,11.8000001907349,7.18259859085083,Yiqu,Beijing,HiDive,,30,30,30,Fresh,120,1044,1044,GF,50,70,0,0,0,Teric,E096404C,36,Li-Ion,4,4,1000,sw-pnf,17,12,False,False,0,0,0,1,0,0
342,Free Dive,2025-12-25 19:16:43,2025-12-25 19:17:23,40,8.40000057220459,4.37420463562012,Yiqu,Beijing,HiDive,,30,30,30,Fresh,240,1044,1044,GF,50,70,0,0,0,Teric,E096404C,36,Li-Ion,4,4,1000,sw-pnf,17,12,False,False,0,0,0,1,0,0
343,Free Dive,2025-12-25 19:18:11,2025-12-25 19:18:32,21,1.20000004768372,0.732658386230469,Yiqu,Beijing,HiDive,,30,30,30,Fresh,60,1044,1044,GF,50,70,0,0,0,Teric,E096404C,36,Li-Ion,4,4,1000,sw-pnf,17,12,False,False,0,0,0,1,0,0
344,Free Dive,2025-12-25 19:20:01,2025-12-25 19:21:16,75,2.40000009536743,0.661280751228333,Yiqu,Beijing,HiDive,,30,30,30,Fresh,120,1044,1044,GF,50,70,0,0,0,Teric,E096404C,36,Li-Ion,4,4,1000,sw-pnf,17,12,False,False,0,0,0,1,0,0
345,Free Dive,2025-12-25 19:21:59,2025-12-25 19:22:21,22,2.70000004768372,1.4537718296051,Yiqu,Beijing,HiDive,,30,30,30,Fresh,60,1044,1044,GF,50,70,0,0,0,Teric,E096404C,36,Li-Ion,4,4,1000,sw-pnf,17,12,False,False,0,0,0,1,0,0
346,Free Dive,2025-12-25 19:23:30,2025-12-25 19:24:21,51,8.10000038146973,3.15349411964417,Yiqu,Beijing,HiDive,,30,30,30,Fresh,120,1044,1044,GF,50,70,0,0,0,Teric,E096404C,36,Li-Ion,4,4,1000,sw-pnf,17,12,False,False,0,0,0,1,0,0
347,Free Dive,2025-12-25 19:25:59,2025-12-25 19:26:46,47,11.9000005722046,5.83930253982544,Yiqu,Beijing,HiDive,,30,30,30,Fresh,120,1044,1044,GF,50,70,0,0,0,Teric,E096404C,36,Li-Ion,4,4,1000,sw-pnf,17,12,False,False,0,0,0,1,0,0
348,Free Dive,2025-12-25 19:29:55,2025-12-25 19:30:56,61,5.09999990463257,3.23801612854004,Yiqu,Beijing,HiDive,,30,30,30,Fresh,240,1044,1044,GF,50,70,0,0,0,Teric,E096404C,36,Li-Ion,4,4,1000,sw-pnf,17,12,False,False,0,0,0,1,0,0
349,Free Dive,2025-12-25 19:31:53,2025-12-25 19:32:32,39,2.70000004768372,1.55104601383209,Yiqu,Beijing,HiDive,,30,30,30,Fresh,60,1044,1044,GF,50,70,0,0,0,Teric,E096404C,36,Li-Ion,4,4,1000,sw-pnf,17,12,False,False,0,0,0,1,0,0
350,Free Dive,2025-12-25 19:33:42,2025-12-25 19:34:21,39,2.60000014305115,1.95166742801666,Yiqu,Beijing,HiDive,,30,30,30,Fresh,120,1044,1044,GF,50,70,0,0,0,Teric,E096404C,36,Li-Ion,4,4,1000,sw-pnf,17,12,False,False,0,0,0,1,0,0
351,Free Dive,2025-12-25 19:37:54,2025-12-25 19:38:34,40,11.6999998092651,5.67961645126343,Yiqu,Beijing,HiDive,,30,30,30,Fresh,240,1044,1044,GF,50,70,0,0,0,Teric,E096404C,36,Li-Ion,4,4,1000,sw-pnf,17,12,False,False,0,0,0,1,0,0
352,Free Dive,2025-12-25 19:42:16,2025-12-25 19:43:07,51,11.1999998092651,5.07192373275757,Yiqu,Beijing,HiDive,,30,30,30,Fresh,240,1044,1044,GF,50,70,0,0,0,Teric,E096404C,36,Li-Ion,4,4,1000,sw-pnf,17,12,False,False,0,0,0,1,0,0
353,Free Dive,2025-12-25 19:44:51,2025-12-25 19:45:37,46,6.59999990463257,3.02021265029907,Yiqu,Beijing,HiDive,,30,30,30,Fresh,120,1045,1045,GF,50,70,0,0,0,Teric,E096404C,36,Li-Ion,4,4,1000,sw-pnf,17,12,False,False,0,0,0,1,0,0
354,Free Dive,2025-12-25 19:46:36,2025-12-25 19:47:02,26,3.40000009536743,1.90935039520264,Yiqu,Beijing,HiDive,,30,30,30,Fresh,60,1045,1045,GF,50,70,0,0,0,Teric,E096404C,36,Li-Ion,4,4,1000,sw-pnf,17,12,False,False,0,0,0,1,0,0
355,Free Dive,2025-12-25 19:47:47,2025-12-25 19:48:20,33,4.20000028610229,1.75960111618042,Yiqu,Beijing,HiDive,,30,30,30,Fresh,60,1045,1045,GF,50,70,0,0,0,Teric,E096404C,36,Li-Ion,4,4,1000,sw-pnf,17,12,False,False,0,0,0,1,0,0
356,Free Dive,2025-12-25 19:49:01,2025-12-25 19:49:56,55,11.9000005722046,5.92367124557495,Yiqu,Beijing,HiDive,,30,30,30,Fresh,60,1043,1043,GF,50,70,0,0,0,Teric,E096404C,36,Li-Ion,4,4,1000,sw-pnf,17,12,False,False,0,0,0,1,0,0
357,Free Dive,2025-12-25 19:53:56,2025-12-25 19:54:33,37,4.30000019073486,2.19373440742493,Yiqu,Beijing,HiDive,,30,30,30,Fresh,240,1043,1043,GF,50,70,0,0,0,Teric,E096404C,36,Li-Ion,4,4,1000,sw-pnf,17,12,False,False,0,0,0,1,0,0
358,Free Dive,2025-12-25 19:56:48,2025-12-25 19:57:03,15,1,0.56033843755722,Yiqu,Beijing,HiDive,,30,30,30,Fresh,180,1043,1043,GF,50,70,0,0,0,Teric,E096404C,36,Li-Ion,4,4,1000,sw-pnf,17,12,False,False,0,0,0,1,0,0
359,Free Dive,2025-12-25 19:59:37,2025-12-25 20:00:10,33,4.59999990463257,2.50475168228149,Yiqu,Beijing,HiDive,,30,30,30,Fresh,180,1043,1043,GF,50,70,0,0,0,Teric,E096404C,36,Li-Ion,4,4,1000,sw-pnf,17,12,False,False,0,0,0,1,0,0
360,Free Dive,2025-12-25 20:02:21,2025-12-25 20:03:25,64,11.9000005722046,6.39135360717773,Yiqu,Beijing,HiDive,,30,30,30,Fresh,180,1044,1044,GF,50,70,0,0,0,Teric,E096404C,36,Li-Ion,4,4,1000,sw-pnf,17,12,False,False,0,0,0,1,0,0
361,Free Dive,2025-12-25 20:04:52,2025-12-25 20:05:07,15,2.20000004768372,1.10950922966003,Yiqu,Beijing,HiDive,,30,30,30,Fresh,120,1043,1043,GF,50,70,0,0,0,Teric,E096404C,36,Li-Ion,4,4,1000,sw-pnf,17,12,False,False,0,0,0,1,0,0
362,Free Dive,2025-12-25 20:05:28,2025-12-25 20:05:44,16,0.900000035762787,0.488983273506165,Yiqu,Beijing,HiDive,,30,30,30,Fresh,60,1043,1043,GF,50,70,0,0,0,Teric,E096404C,36,Li-Ion,4,4,1000,sw-pnf,17,12,False,False,0,0,0,1,0,0
363,Free Dive,2025-12-25 20:06:57,2025-12-25 20:07:05,8,1.10000002384186,0.603067398071289,Yiqu,Beijing,HiDive,,30,30,30,Fresh,120,1043,1043,GF,50,70,0,0,0,Teric,E096404C,36,Li-Ion,4,4,1000,sw-pnf,17,12,False,False,0,0,0,1,0,0
364,Free Dive,2025-12-25 20:07:41,2025-12-25 20:08:20,39,4.80000019073486,2.79007029533386,Yiqu,Beijing,HiDive,,30,30,30,Fresh,60,1043,1043,GF,50,70,0,0,0,Teric,E096404C,36,Li-Ion,4,4,1000,sw-pnf,17,12,False,False,0,0,0,1,0,0
365,Free Dive,2025-12-27 10:32:41,2025-12-27 10:33:45,64,10.6999998092651,6.27685737609863,Yiqu,Beijing,HiDive,AIDA3,30,30,30,Fresh,135240,1028,1028,GF,50,70,0,0,0,Teric,E096404C,36,Li-Ion,4.30000019073486,4.30000019073486,1000,sw-pnf,17,12,False,False,0,0,0,1,0,0
366,Free Dive,2025-12-27 10:38:40,2025-12-27 10:40:08,88,10.6000003814697,7.12767028808594,Yiqu,Beijing,HiDive,AIDA3,30,30,30,Fresh,300,1036,1036,GF,50,70,0,0,0,Teric,E096404C,36,Li-Ion,4.30000019073486,4.30000019073486,1000,sw-pnf,17,12,False,False,0,0,0,1,0,0
367,Free Dive,2025-12-27 10:44:23,2025-12-27 10:44:58,35,10.1000003814697,4.5000205039978,Yiqu,Beijing,HiDive,AIDA3,30,30,30,Fresh,300,1039,1039,GF,50,70,0,0,0,Teric,E096404C,36,Li-Ion,4.30000019073486,4.30000019073486,1000,sw-pnf,17,12,False,False,0,0,0,1,0,0
368,Free Dive,2025-12-27 11:02:18,2025-12-27 11:03:03,45,11,5.33892393112183,Yiqu,Beijing,HiDive,AIDA3,30,30,30,Fresh,1080,1034,1034,GF,50,70,0,0,0,Teric,E096404C,36,Li-Ion,4.30000019073486,4.30000019073486,1000,sw-pnf,17,12,False,False,0,0,0,1,0,0
369,Free Dive,2025-12-27 11:03:54,2025-12-27 11:04:03,9,0.900000035762787,0.514598488807678,Yiqu,Beijing,HiDive,AIDA3,30,30,30,Fresh,60,1034,1034,GF,50,70,0,0,0,Teric,E096404C,36,Li-Ion,4.30000019073486,4.30000019073486,1000,sw-pnf,17,12,False,False,0,0,0,1,0,0
370,Free Dive,2025-12-27 11:22:56,2025-12-27 11:23:49,53,14.6000003814697,8.04616832733154,Yiqu,Beijing,HiDive,AIDA3,30,30,30,Fresh,1140,1034,1034,GF,50,70,0,0,0,Teric,E096404C,36,Li-Ion,4.30000019073486,4.30000019073486,1000,sw-pnf,17,12,False,False,0,0,0,1,0,0
371,Free Dive,2025-12-27 11:28:39,2025-12-27 11:28:47,8,0.900000035762787,0.548442602157593,Yiqu,Beijing,HiDive,AIDA3,30,30,30,Fresh,300,1032,1032,GF,50,70,0,0,0,Teric,E096404C,36,Li-Ion,4.30000019073486,4.30000019073486,1000,sw-pnf,17,12,False,False,0,0,0,1,0,0
372,Free Dive,2025-12-27 11:36:04,2025-12-27 11:36:31,27,1.70000004768372,0.916475832462311,Yiqu,Beijing,HiDive,AIDA3,30,30,30,Fresh,480,1036,1036,GF,50,70,0,0,0,Teric,E096404C,36,Li-Ion,4.30000019073486,4.30000019073486,1000,sw-pnf,17,12,False,False,0,0,0,1,0,0
373,Free Dive,2025-12-27 11:59:00,2025-12-27 11:59:15,15,1.20000004768372,0.597726285457611,Yiqu,Beijing,HiDive,AIDA3,30,30,30,Fresh,1380,1031,1031,GF,50,70,0,0,0,Teric,E096404C,36,Li-Ion,4.30000019073486,4.30000019073486,1000,sw-pnf,17,12,False,False,0,0,0,1,0,0
374,Free Dive,2025-12-27 12:00:27,2025-12-27 12:00:55,28,11,5.08130407333374,Yiqu,Beijing,HiDive,AIDA3,30,30,30,Fresh,120,1031,1031,GF,50,70,0,0,0,Teric,E096404C,36,Li-Ion,4.30000019073486,4.30000019073486,1000,sw-pnf,17,12,False,False,0,0,0,1,0,0
375,Free Dive,2025-12-27 12:08:34,2025-12-27 12:09:01,27,2,0.923583209514618,Yiqu,Beijing,HiDive,AIDA3,30,30,30,Fresh,480,1036,1036,GF,50,70,0,0,0,Teric,E096404C,36,Li-Ion,4.30000019073486,4.30000019073486,1000,sw-pnf,17,12,False,False,0,0,0,1,0,0
376,Free Dive,2025-12-27 14:15:44,2025-12-27 14:16:02,18,1.89999997615814,0.803422272205353,Yiqu,Beijing,HiDive,AIDA3,30,30,30,Fresh,7620,1027,1027,GF,50,70,0,0,0,Teric,E096404C,36,Li-Ion,4.30000019073486,4.30000019073486,1000,sw-pnf,17,12,False,False,0,0,0,1,0,0
377,Free Dive,2025-12-27 14:16:51,2025-12-27 14:17:16,25,1,0.574639081954956,Yiqu,Beijing,HiDive,AIDA3,30,30,30,Fresh,60,1027,1027,GF,50,70,0,0,0,Teric,E096404C,36,Li-Ion,4.30000019073486,4.30000019073486,1000,sw-pnf,17,12,False,False,0,0,0,1,0,0
378,Free Dive,2025-12-27 14:23:15,2025-12-27 14:24:45,90,9.80000019073486,7.08135747909546,Yiqu,Beijing,HiDive,AIDA3,30,30,30,Fresh,360,1034,1034,GF,50,70,0,0,0,Teric,E096404C,36,Li-Ion,4.30000019073486,4.30000019073486,1000,sw-pnf,17,12,False,False,0,0,0,1,0,0
379,Free Dive,2025-12-27 14:31:35,2025-12-27 14:31:47,12,1.10000002384186,0.577818155288696,Yiqu,Beijing,HiDive,AIDA3,30,30,30,Fresh,420,1034,1034,GF,50,70,0,0,0,Teric,E096404C,36,Li-Ion,4.30000019073486,4.30000019073486,1000,sw-pnf,17,12,False,False,0,0,0,1,0,0
380,Free Dive,2025-12-27 14:32:34,2025-12-27 14:32:43,9,1.30000007152557,0.723972678184509,Yiqu,Beijing,HiDive,AIDA3,30,30,30,Fresh,60,1034,1034,GF,50,70,0,0,0,Teric,E096404C,36,Li-Ion,4.30000019073486,4.30000019073486,1000,sw-pnf,17,12,False,False,0,0,0,1,0,0
381,Free Dive,2025-12-27 14:33:19,2025-12-27 14:34:46,87,10.6000003814697,7.55725240707397,Yiqu,Beijing,HiDive,AIDA3,30,30,30,Fresh,60,1034,1034,GF,50,70,0,0,0,Teric,E096404C,36,Li-Ion,4.30000019073486,4.30000019073486,1000,sw-pnf,17,12,False,False,0,0,0,1,0,0
382,Free Dive,2025-12-27 14:37:01,2025-12-27 14:37:19,18,0.800000011920929,0.51621288061142,Yiqu,Beijing,HiDive,AIDA3,30,30,30,Fresh,180,1034,1034,GF,50,70,0,0,0,Teric,E096404C,36,Li-Ion,4.30000019073486,4.30000019073486,1000,sw-pnf,17,12,False,False,0,0,0,1,0,0
383,Free Dive,2025-12-27 14:55:53,2025-12-27 14:56:52,59,17.6000003814697,9.87130928039551,Yiqu,Beijing,HiDive,AIDA3,30,30,30,Fresh,1140,1028,1028,GF,50,70,0,0,0,Teric,E096404C,36,Li-Ion,4.20000028610229,4.20000028610229,1000,sw-pnf,17,12,False,False,0,0,0,1,0,0
384,Free Dive,2025-12-27 15:13:47,2025-12-27 15:14:42,55,18.3999996185303,8.69402408599854,Yiqu,Beijing,HiDive,AIDA3,30,30,30,Fresh,1020,1034,1034,GF,50,70,0,0,0,Teric,E096404C,36,Li-Ion,4.20000028610229,4.20000028610229,1000,sw-pnf,17,12,False,False,0,0,0,1,0,0
385,Free Dive,2025-12-27 15:22:23,2025-12-27 15:22:50,27,1.70000004768372,0.723355293273926,Yiqu,Beijing,HiDive,AIDA3,30,30,30,Fresh,480,1034,1034,GF,50,70,0,0,0,Teric,E096404C,36,Li-Ion,4.20000028610229,4.20000028610229,1000,sw-pnf,17,12,False,False,0,0,0,1,0,0
386,Free Dive,2025-12-27 15:29:07,2025-12-27 15:30:10,63,19.7000007629395,9.99729537963867,Yiqu,Beijing,HiDive,AIDA3,30,30,30,Fresh,420,1034,1034,GF,50,70,0,0,0,Teric,E096404C,36,Li-Ion,4.20000028610229,4.20000028610229,1000,sw-pnf,17,12,False,False,0,0,0,1,0,0
387,Free Dive,2025-12-27 15:45:42,2025-12-27 15:46:36,54,20.2000007629395,9.01193046569824,Yiqu,Beijing,HiDive,AIDA3,30,30,30,Fresh,960,1030,1030,GF,50,70,0,0,0,Teric,E096404C,36,Li-Ion,4.20000028610229,4.20000028610229,1000,sw-pnf,17,12,False,False,0,0,0,1,0,0
388,Free Dive,2025-12-27 16:02:21,2025-12-27 16:03:01,40,20.8000011444092,10.7168350219727,Yiqu,Beijing,HiDive,AIDA3,30,30,30,Fresh,960,1030,1030,GF,50,70,0,0,0,Teric,E096404C,36,Li-Ion,4.20000028610229,4.20000028610229,1000,sw-pnf,17,12,False,False,0,0,0,1,0,0
389,Free Dive,2025-12-28 10:19:55,2025-12-28 10:20:23,28,1,0.578817665576935,Yiqu,Beijing,HiDive,AIDA3,29,29,29,Fresh,65880,1021,1021,GF,50,70,0,0,0,Teric,E096404C,36,Li-Ion,4.30000019073486,4.30000019073486,1000,sw-pnf,17,12,False,False,0,0,0,1,0,0
390,Free Dive,2025-12-28 10:20:49,2025-12-28 10:21:25,36,1,0.651624202728271,Yiqu,Beijing,HiDive,AIDA3,29,29,29,Fresh,60,1021,1021,GF,50,70,0,0,0,Teric,E096404C,36,Li-Ion,4.30000019073486,4.30000019073486,1000,sw-pnf,17,12,False,False,0,0,0,1,0,0
391,Free Dive,2025-12-28 10:25:14,2025-12-28 10:25:25,11,0.900000035762787,0.607009470462799,Yiqu,Beijing,HiDive,AIDA3,29,29,29,Fresh,240,1021,1021,GF,50,70,0,0,0,Teric,E096404C,36,Li-Ion,4.30000019073486,4.30000019073486,1000,sw-pnf,17,12,False,False,0,0,0,1,0,0
392,Free Dive,2025-12-28 10:28:16,2025-12-28 10:29:46,90,10.6000003814697,7.28826761245728,Yiqu,Beijing,HiDive,AIDA3,30,29,29.5625,Fresh,180,1023,1023,GF,50,70,0,0,0,Teric,E096404C,36,Li-Ion,4.30000019073486,4.30000019073486,1000,sw-pnf,17,12,False,False,0,0,0,1,0,0
393,Free Dive,2025-12-28 10:38:02,2025-12-28 10:39:14,72,10.1000003814697,7.0083384513855,Yiqu,Beijing,HiDive,AIDA3,30,29,29.5769233703613,Fresh,540,1030,1030,GF,50,70,0,0,0,Teric,E096404C,36,Li-Ion,4.30000019073486,4.30000019073486,1000,sw-pnf,17,12,False,False,0,0,0,1,0,0
394,Free Dive,2025-12-28 10:55:01,2025-12-28 10:56:05,64,19.1000003814697,9.07267475128174,Yiqu,Beijing,HiDive,AIDA3,30,30,30,Fresh,960,1026,1026,GF,50,70,0,0,0,Teric,E096404C,36,Li-Ion,4.30000019073486,4.30000019073486,1000,sw-pnf,17,12,False,False,0,0,0,1,0,0
395,Free Dive,2025-12-28 11:01:39,2025-12-28 11:02:06,27,1,0.506131887435913,Yiqu,Beijing,HiDive,AIDA3,30,30,30,Fresh,360,1026,1026,GF,50,70,0,0,0,Teric,E096404C,36,Li-Ion,4.30000019073486,4.30000019073486,1000,sw-pnf,17,12,False,False,0,0,0,1,0,0
396,Free Dive,2025-12-28 11:06:59,2025-12-28 11:07:54,55,23.1000003814697,9.89908409118652,Yiqu,Beijing,HiDive,AIDA3,30,30,30,Fresh,300,1029,1029,GF,50,70,0,0,0,Teric,E096404C,36,Li-Ion,4.30000019073486,4.30000019073486,1000,sw-pnf,17,12,False,False,0,0,0,1,0,0
397,Free Dive,2025-12-28 11:20:12,2025-12-28 11:21:10,58,25.2000007629395,10.7606496810913,Yiqu,Beijing,HiDive,AIDA3,30,30,30,Fresh,780,1029,1029,GF,50,70,0,0,0,Teric,E096404C,36,Li-Ion,4.30000019073486,4.30000019073486,1000,sw-pnf,17,12,False,False,0,0,0,1,0,0
398,Free Dive,2025-12-28 11:38:57,2025-12-28 11:39:58,61,25.6000003814697,10.881049156189,Yiqu,Beijing,HiDive,AIDA3,30,30,30,Fresh,1080,1025,1025,GF,50,70,0,0,0,Teric,E096404C,36,Li-Ion,4.30000019073486,4.30000019073486,1000,sw-pnf,17,12,False,False,0,0,0,1,0,0
399,Free Dive,2025-12-28 11:58:18,2025-12-28 11:58:27,9,1.10000002384186,0.568981826305389,Yiqu,Beijing,HiDive,AIDA3,29,29,29,Fresh,1140,1027,1027,GF,50,70,0,0,0,Teric,E096404C,36,Li-Ion,4.30000019073486,4.30000019073486,1000,sw-pnf,17,12,False,False,0,0,0,1,0,0
400,Free Dive,2025-12-28 12:04:27,2025-12-28 12:05:35,68,28,12.6848173141479,Yiqu,Beijing,HiDive,AIDA3,30,30,30,Fresh,360,1027,1027,GF,50,70,0,0,0,Teric,E096404C,36,Li-Ion,4.30000019073486,4.30000019073486,1000,sw-pnf,17,12,False,False,0,0,0,1,0,0
401,Free Dive,2025-12-28 12:13:22,2025-12-28 12:13:34,12,1.60000002384186,0.768725574016571,Yiqu,Beijing,HiDive,AIDA3,30,30,30,Fresh,480,1027,1027,GF,50,70,0,0,0,Teric,E096404C,36,Li-Ion,4.30000019073486,4.30000019073486,1000,sw-pnf,17,12,False,False,0,0,0,1,0,0
402,Free Dive,2025-12-28 12:29:15,2025-12-28 12:29:51,36,5.40000009536743,3.61282324790955,Yiqu,Beijing,HiDive,AIDA3,30,30,30,Fresh,960,1026,1026,GF,50,70,0,0,0,Teric,E096404C,36,Li-Ion,4.30000019073486,4.30000019073486,1000,sw-pnf,17,12,False,False,0,0,0,1,0,0
403,Free Dive,2025-12-28 12:31:11,2025-12-28 12:31:45,34,5.30000019073486,3.55460333824158,Yiqu,Beijing,HiDive,AIDA3,30,30,30,Fresh,120,1026,1026,GF,50,70,0,0,0,Teric,E096404C,36,Li-Ion,4.30000019073486,4.30000019073486,1000,sw-pnf,17,12,False,False,0,0,0,1,0,0
404,Free Dive,2025-12-28 12:36:00,2025-12-28 12:36:43,43,13.4000005722046,6.11370849609375,Yiqu,Beijing,HiDive,AIDA3,30,30,30,Fresh,300,1027,1027,GF,50,70,0,0,0,Teric,E096404C,36,Li-Ion,4.20000028610229,4.20000028610229,1000,sw-pnf,17,12,False,False,0,0,0,1,0,0
405,Free Dive,2025-12-31 16:14:18,2025-12-31 16:14:50,32,1,0.603489398956299,Yiqu,Beijing,HiDive,,29,29,29,Fresh,272280,1039,1039,GF,50,70,0,0,0,Teric,E096404C,36,Li-Ion,4.20000028610229,4.20000028610229,1000,sw-pnf,17,12,False,False,0,0,0,1,0,0
406,Free Dive,2025-12-31 16:17:00,2025-12-31 16:17:45,45,10.3000001907349,4.86367225646973,Yiqu,Beijing,HiDive,,29,29,29,Fresh,180,1039,1039,GF,50,70,0,0,0,Teric,E096404C,36,Li-Ion,4.20000028610229,4.20000028610229,1000,sw-pnf,17,12,False,False,0,0,0,1,0,0
407,Free Dive,2025-12-31 16:19:45,2025-12-31 16:21:03,78,11.3000001907349,7.38345289230347,Yiqu,Beijing,HiDive,,29,29,29,Fresh,120,1039,1039,GF,50,70,0,0,0,Teric,E096404C,36,Li-Ion,4.20000028610229,4.20000028610229,1000,sw-pnf,17,12,False,False,0,0,0,1,0,0
408,Free Dive,2025-12-31 16:24:50,2025-12-31 16:25:35,45,15,6.95801544189453,Yiqu,Beijing,HiDive,,29,29,29,Fresh,240,1044,1044,GF,50,70,0,0,0,Teric,E096404C,36,Li-Ion,4.20000028610229,4.20000028610229,1000,sw-pnf,17,12,False,False,0,0,0,1,0,0
409,Free Dive,2025-12-31 16:28:20,2025-12-31 16:28:33,13,2.90000009536743,1.24240005016327,Yiqu,Beijing,HiDive,,29,29,29,Fresh,180,1047,1047,GF,50,70,0,0,0,Teric,E096404C,36,Li-Ion,4.20000028610229,4.20000028610229,1000,sw-pnf,17,12,False,False,0,0,0,1,0,0
410,Free Dive,2025-12-31 16:29:14,2025-12-31 16:30:09,55,15.4000005722046,8.03273677825928,Yiqu,Beijing,HiDive,,29,29,29,Fresh,60,1047,1047,GF,50,70,0,0,0,Teric,E096404C,36,Li-Ion,4.20000028610229,4.20000028610229,1000,sw-pnf,17,12,False,False,0,0,0,1,0,0
411,Free Dive,2025-12-31 16:32:50,2025-12-31 16:33:23,33,10.6999998092651,4.63065338134766,Yiqu,Beijing,HiDive,,29,29,29,Fresh,180,1048,1048,GF,50,70,0,0,0,Teric,E096404C,36,Li-Ion,4.20000028610229,4.20000028610229,1000,sw-pnf,17,12,False,False,0,0,0,1,0,0
412,Free Dive,2025-12-31 16:37:35,2025-12-31 16:38:38,63,20.5,10.0763568878174,Yiqu,Beijing,HiDive,,29,29,29,Fresh,300,1048,1048,GF,50,70,0,0,0,Teric,E096404C,36,Li-Ion,4.20000028610229,4.20000028610229,1000,sw-pnf,17,12,False,False,0,0,0,1,0,0
413,Free Dive,2025-12-31 16:43:46,2025-12-31 16:44:44,58,19.3999996185303,9.47935771942139,Yiqu,Beijing,HiDive,,29,29,29,Fresh,360,1047,1047,GF,50,70,0,0,0,Teric,E096404C,36,Li-Ion,4.20000028610229,4.20000028610229,1000,sw-pnf,17,12,False,False,0,0,0,1,0,0
414,Free Dive,2025-12-31 16:48:24,2025-12-31 16:49:23,59,19.3999996185303,9.07154178619385,Yiqu,Beijing,HiDive,,29,29,29,Fresh,240,1047,1047,GF,50,70,0,0,0,Teric,E096404C,36,Li-Ion,4.20000028610229,4.20000028610229,1000,sw-pnf,17,12,False,False,0,0,0,1,0,0
415,Free Dive,2025-12-31 16:51:44,2025-12-31 16:52:09,25,7.59999990463257,3.55835390090942,Yiqu,Beijing,HiDive,,29,29,29,Fresh,180,1047,1047,GF,50,70,0,0,0,Teric,E096404C,36,Li-Ion,4.20000028610229,4.20000028610229,1000,sw-pnf,17,12,False,False,0,0,0,1,0,0
416,Free Dive,2025-12-31 16:53:54,2025-12-31 16:54:17,23,3.10000014305115,1.57136130332947,Yiqu,Beijing,HiDive,,29,29,29,Fresh,120,1047,1047,GF,50,70,0,0,0,Teric,E096404C,36,Li-Ion,4.20000028610229,4.20000028610229,1000,sw-pnf,17,12,False,False,0,0,0,1,0,0
417,Free Dive,2025-12-31 16:59:13,2025-12-31 16:59:43,30,8.60000038146973,3.84475922584534,Yiqu,Beijing,HiDive,,29,29,29,Fresh,300,1047,1047,GF,50,70,0,0,0,Teric,E096404C,36,Li-Ion,4.20000028610229,4.20000028610229,1000,sw-pnf,17,12,False,False,0,0,0,1,0,0
418,Free Dive,2025-12-31 17:01:33,2025-12-31 17:02:40,67,20.3999996185303,9.90639781951904,Yiqu,Beijing,HiDive,,29,29,29,Fresh,120,1047,1047,GF,50,70,0,0,0,Teric,E096404C,36,Li-Ion,4.20000028610229,4.20000028610229,1000,sw-pnf,17,12,False,False,0,0,0,1,0,0
419,Free Dive,2025-12-31 17:05:50,2025-12-31 17:06:10,20,6.20000028610229,2.70450401306152,Yiqu,Beijing,HiDive,,29,29,29,Fresh,240,1047,1047,GF,50,70,0,0,0,Teric,E096404C,36,Li-Ion,4.20000028610229,4.20000028610229,1000,sw-pnf,17,12,False,False,0,0,0,1,0,0
420,Free Dive,2025-12-31 17:08:22,2025-12-31 17:09:20,58,20.6000003814697,10.2567043304443,Yiqu,Beijing,HiDive,,29,29,29,Fresh,180,1047,1047,GF,50,70,0,0,0,Teric,E096404C,36,Li-Ion,4.20000028610229,4.20000028610229,1000,sw-pnf,17,12,False,False,0,0,0,1,0,0
421,Free Dive,2025-12-31 17:13:13,2025-12-31 17:13:58,45,12.6999998092651,6.20265197753906,Yiqu,Beijing,HiDive,,29,29,29,Fresh,240,1047,1047,GF,50,70,0,0,0,Teric,E096404C,36,Li-Ion,4.20000028610229,4.20000028610229,1000,sw-pnf,17,12,False,False,0,0,0,1,0,0
422,Free Dive,2025-12-31 17:15:14,2025-12-31 17:15:56,42,10.8000001907349,5.25942325592041,Yiqu,Beijing,HiDive,,29,29,29,Fresh,120,1047,1047,GF,50,70,0,0,0,Teric,E096404C,36,Li-Ion,4.20000028610229,4.20000028610229,1000,sw-pnf,17,12,False,False,0,0,0,1,0,0
423,Free Dive,2025-12-31 17:17:55,2025-12-31 17:18:49,54,15.5,7.50501394271851,Yiqu,Beijing,HiDive,,29,29,29,Fresh,120,1047,1047,GF,50,70,0,0,0,Teric,E096404C,36,Li-Ion,4.20000028610229,4.20000028610229,1000,sw-pnf,17,12,False,False,0,0,0,1,0,0
424,Free Dive,2025-12-31 17:22:23,2025-12-31 17:23:38,75,28.8999996185303,13.7357168197632,Yiqu,Beijing,HiDive,,29,29,29,Fresh,240,1047,1047,GF,50,70,0,0,0,Teric,E096404C,36,Li-Ion,4.20000028610229,4.20000028610229,1000,sw-pnf,17,12,False,False,0,0,0,1,0,0
425,Free Dive,2025-12-31 17:28:44,2025-12-31 17:29:17,33,8.60000038146973,4.57731676101685,Yiqu,Beijing,HiDive,,29,29,29,Fresh,360,1047,1047,GF,50,70,0,0,0,Teric,E096404C,36,Li-Ion,4.20000028610229,4.20000028610229,1000,sw-pnf,17,12,False,False,0,0,0,1,0,0
426,Free Dive,2025-12-31 17:30:45,2025-12-31 17:31:27,42,11.1999998092651,5.43298149108887,Yiqu,Beijing,HiDive,,29,29,29,Fresh,120,1047,1047,GF,50,70,0,0,0,Teric,E096404C,36,Li-Ion,4.20000028610229,4.20000028610229,1000,sw-pnf,17,12,False,False,0,0,0,1,0,0
427,Free Dive,2025-12-31 17:32:44,2025-12-31 17:32:58,14,1.89999997615814,0.966146647930145,Yiqu,Beijing,HiDive,,29,29,29,Fresh,120,1047,1047,GF,50,70,0,0,0,Teric,E096404C,36,Li-Ion,4.20000028610229,4.20000028610229,1000,sw-pnf,17,12,False,False,0,0,0,1,0,0
428,Free Dive,2025-12-31 17:33:09,2025-12-31 17:33:28,19,4.5,1.91047191619873,Yiqu,Beijing,HiDive,,29,29,29,Fresh,60,1047,1047,GF,50,70,0,0,0,Teric,E096404C,36,Li-Ion,4.20000028610229,4.20000028610229,1000,sw-pnf,17,12,False,False,0,0,0,1,0,0
429,Free Dive,2025-12-31 17:35:15,2025-12-31 17:36:09,54,10.1999998092651,5.49437522888184,Yiqu,Beijing,HiDive,,29,29,29,Fresh,120,1047,1047,GF,50,70,0,0,0,Teric,E096404C,36,Li-Ion,4.20000028610229,4.20000028610229,1000,sw-pnf,17,12,False,False,0,0,0,1,0,0
430,Free Dive,2025-12-31 17:36:44,2025-12-31 17:37:04,20,4.80000019073486,2.16172122955322,Yiqu,Beijing,HiDive,,29,29,29,Fresh,60,1047,1047,GF,50,70,0,0,0,Teric,E096404C,36,Li-Ion,4.20000028610229,4.20000028610229,1000,sw-pnf,17,12,False,False,0,0,0,1,0,0
431,Free Dive,2025-12-31 17:37:24,2025-12-31 17:38:04,40,5.80000019073486,3.40706133842468,Yiqu,Beijing,HiDive,,29,29,29,Fresh,60,1047,1047,GF,50,70,0,0,0,Teric,E096404C,36,Li-Ion,4.20000028610229,4.20000028610229,1000,sw-pnf,17,12,False,False,0,0,0,1,0,0
432,Free Dive,2025-12-31 17:39:07,2025-12-31 17:39:56,49,9.69999980926514,5.44675970077515,Yiqu,Beijing,HiDive,,29,29,29,Fresh,120,1047,1047,GF,50,70,0,0,0,Teric,E096404C,36,Li-Ion,4.20000028610229,4.20000028610229,1000,sw-pnf,17,12,False,False,0,0,0,1,0,0
433,Free Dive,2025-12-31 17:41:07,2025-12-31 17:41:21,14,1.10000002384186,0.747934877872467,Yiqu,Beijing,HiDive,,29,29,29,Fresh,120,1047,1047,GF,50,70,0,0,0,Teric,E096404C,36,Li-Ion,4.20000028610229,4.20000028610229,1000,sw-pnf,17,12,False,False,0,0,0,1,0,0
434,Free Dive,2025-12-31 17:44:04,2025-12-31 17:44:31,27,1.30000007152557,0.688746929168701,Yiqu,Beijing,HiDive,,29,29,29,Fresh,180,1046,1046,GF,50,70,0,0,0,Teric,E096404C,36,Li-Ion,4.20000028610229,4.20000028610229,1000,sw-pnf,17,12,False,False,0,0,0,1,0,0
435,Free Dive,2025-12-31 17:46:02,2025-12-31 17:46:21,19,0.900000035762787,0.689711570739746,Yiqu,Beijing,HiDive,,29,29,29,Fresh,120,1046,1046,GF,50,70,0,0,0,Teric,E096404C,36,Li-Ion,4.20000028610229,4.20000028610229,1000,sw-pnf,17,12,False,False,0,0,0,1,0,0
436,Free Dive,2025-12-31 17:46:39,2025-12-31 17:47:15,36,1.10000002384186,0.798749625682831,Yiqu,Beijing,HiDive,,29,29,29,Fresh,60,1046,1046,GF,50,70,0,0,0,Teric,E096404C,36,Li-Ion,4.20000028610229,4.20000028610229,1000,sw-pnf,17,12,False,False,0,0,0,1,0,0
437,Free Dive,2025-12-31 17:48:28,2025-12-31 17:49:14,46,5,2.41820955276489,Yiqu,Beijing,HiDive,,29,29,29,Fresh,120,1046,1046,GF,50,70,0,0,0,Teric,E096404C,36,Li-Ion,4.20000028610229,4.20000028610229,1000,sw-pnf,17,12,False,False,0,0,0,1,0,0
438,Free Dive,2025-12-31 17:50:29,2025-12-31 17:51:43,74,10.6000003814697,7.62580394744873,Yiqu,Beijing,HiDive,,29,29,29,Fresh,120,1046,1046,GF,50,70,0,0,0,Teric,E096404C,36,Li-Ion,4.20000028610229,4.20000028610229,1000,sw-pnf,17,12,False,False,0,0,0,1,0,0
439,Free Dive,2025-12-31 17:53:57,2025-12-31 17:54:10,13,3,0.990162372589111,Yiqu,Beijing,HiDive,,29,29,29,Fresh,180,1046,1046,GF,50,70,0,0,0,Teric,E096404C,36,Li-Ion,4.20000028610229,4.20000028610229,1000,sw-pnf,17,12,False,False,0,0,0,1,0,0
440,Free Dive,2025-12-31 17:55:10,2025-12-31 17:55:50,40,10.3000001907349,5.51846313476563,Yiqu,Beijing,HiDive,,29,29,29,Fresh,60,1046,1046,GF,50,70,0,0,0,Teric,E096404C,36,Li-Ion,4.20000028610229,4.20000028610229,1000,sw-pnf,17,12,False,False,0,0,0,1,0,0
441,Free Dive,2025-12-31 18:06:32,2025-12-31 18:07:07,35,4.90000009536743,2.60938572883606,Yiqu,Beijing,HiDive,,29,29,29,Fresh,660,1047,1047,GF,50,70,0,0,0,Teric,E096404C,36,Li-Ion,4.09999990463257,4.09999990463257,1000,sw-pnf,17,12,False,False,0,0,0,1,0,0
